CustomerID,Recency,Frequency,Monetary,Segment
12346,326,1,77183.6,Hibernating
12347,2,7,4310.0,Champions
12348,75,4,1797.24,At Risk
12349,19,1,1757.55,New Customer
12350,310,1,334.4,Hibernating
12352,36,8,2506.04,Loyal
12353,204,1,89.0,Hibernating
12354,232,1,1079.4,Hibernating
12355,214,1,459.4,Hibernating
12356,23,3,2811.43,Potential Loyalist
12357,33,1,6207.67,New Customer
12358,2,2,1168.06,Potential Loyalist
12359,58,4,6372.58,Loyal
12360,52,3,2662.06,Need Attention
12361,287,1,189.9,Hibernating
12362,3,10,5226.23,Champions
12363,110,2,552.0,Hibernating
12364,8,4,1313.1,Champions
12365,291,2,641.38,Hibernating
12367,4,1,168.9,New Customer
12370,51,4,3545.69,Loyal
12371,45,2,1887.96,Need Attention
12372,72,3,1298.04,Need Attention
12373,311,1,364.6,Hibernating
12374,25,1,742.9300000000001,New Customer
12375,11,2,457.5,Potential Loyalist
12377,315,2,1628.12,Hibernating
12378,130,1,4008.62,Hibernating
12379,82,2,852.24,Hibernating
12380,22,4,2724.81,Champions
12381,5,5,1845.31,Champions
12383,185,5,1850.56,Can't Lose
12384,29,2,585.27,Potential Loyalist
12386,338,2,401.9,Hibernating
12388,16,6,2780.66,Champions
12390,80,1,549.84,Hibernating
12391,22,1,460.89,New Customer
12393,72,4,1582.6000000000001,Loyal
12394,64,2,1272.48,Need Attention
12395,19,12,3018.63,Champions
12397,36,2,2409.9,Need Attention
12398,46,1,1635.6599999999999,Normal
12399,119,4,1108.65,At Risk
12401,303,1,84.3,Hibernating
12402,323,1,225.6,Hibernating
12403,50,1,427.7,Normal
12405,149,1,1710.39,Hibernating
12406,22,2,3415.3,Potential Loyalist
12407,50,5,1708.1200000000001,Loyal
12408,33,5,2888.55,Champions
12409,79,3,11072.67,At Risk
12410,309,2,693.3299999999999,Hibernating
12412,75,3,1226.88,At Risk
12413,67,3,758.1,Need Attention
12414,217,3,562.41,At Risk
12415,24,21,124914.53,Champions
12417,3,9,3649.1,Champions
12418,113,1,668.58,Hibernating
12420,64,1,600.39,Normal
12421,16,4,807.04,Loyal
12422,96,3,803.5600000000001,At Risk
12423,1,8,1859.31,Champions
12424,163,2,1760.96,Hibernating
12425,78,1,777.2,Hibernating
12426,195,1,582.73,Hibernating
12427,22,3,825.8,Potential Loyalist
12428,26,9,7956.46,Champions
12429,9,4,3750.4,Champions
12430,43,1,256.4,Normal
12431,36,15,6487.45,Loyal
12432,43,5,5059.32,Loyal
12433,1,7,13375.87,Champions
12434,85,2,806.14,Hibernating
12435,80,2,7829.89,Hibernating
12436,100,1,509.01,Hibernating
12437,2,18,4951.41,Champions
12438,14,2,2906.85,Potential Loyalist
12441,367,1,173.55,Hibernating
12442,3,1,172.06,New Customer
12444,21,5,5005.46,Champions
12445,22,1,133.4,New Customer
12446,58,1,1002.3100000000001,Normal
12447,243,1,476.49,Hibernating
12448,44,1,449.45,Normal
12449,22,4,4067.29,Champions
12450,156,2,197.88,Hibernating
12451,11,5,9035.52,Champions
12452,17,2,430.57,Potential Loyalist
12453,134,1,707.09,Hibernating
12454,56,1,3528.34,Normal
12455,73,6,2466.86,At Risk
12456,44,3,3181.04,Need Attention
12457,66,7,2363.23,Loyal
12458,71,2,947.4,Need Attention
12461,94,2,826.88,Hibernating
12462,19,2,1189.59,Potential Loyalist
12463,53,4,1344.78,Loyal
12464,10,8,1212.05,Champions
12465,17,2,742.1899999999999,Potential Loyalist
12468,188,2,729.5400000000001,Hibernating
12471,2,30,19824.05,Champions
12472,32,7,6572.11,Champions
12473,29,5,3938.5499999999997,Champions
12474,17,18,7375.79,Champions
12475,54,1,723.38,Normal
12476,16,11,6816.42,Champions
12477,23,6,13219.74,Champions
12478,4,1,680.99,New Customer
12479,11,1,527.2,New Customer
12480,28,4,3281.63,Champions
12481,23,10,5596.32,Champions
12483,17,8,2484.98,Champions
12484,33,6,4541.72,Champions
12488,10,3,1298.66,Potential Loyalist
12489,336,1,334.93,Hibernating
12490,5,10,5417.93,Champions
12491,39,1,460.40000000000003,Normal
12492,63,2,263.21000000000004,Need Attention
12493,166,2,433.74,Hibernating
12494,16,7,1246.1000000000001,Champions
12497,82,1,1043.1,Hibernating
12498,21,3,403.70000000000005,Potential Loyalist
12500,23,11,4257.82,Champions
12501,337,1,2169.39,Hibernating
12502,96,5,3723.87,At Risk
12504,18,2,482.04999999999995,Potential Loyalist
12506,233,1,73.5,Hibernating
12507,134,3,1304.81,At Risk
12508,26,2,398.27,Potential Loyalist
12509,284,1,176.5,Hibernating
12510,143,2,982.5699999999999,Hibernating
12512,66,2,138.03,Normal
12513,113,1,612.29,Hibernating
12514,267,1,1017.68,Hibernating
12515,353,1,383.7,Hibernating
12516,78,2,1312.06,Hibernating
12517,28,5,2502.84,Champions
12518,1,5,2056.89,Champions
12519,64,1,340.84,Normal
12520,79,5,2634.26,At Risk
12521,143,1,599.68,Hibernating
12522,39,2,192.72,Normal
12523,19,11,1789.77,Champions
12524,9,8,4485.72,Champions
12526,1,3,1316.66,Potential Loyalist
12527,82,3,348.71000000000004,Normal
12528,9,6,1933.48,Champions
12530,60,4,1662.28,Loyal
12531,15,1,125.22,New Customer
12532,30,1,349.83000000000004,New Customer
12534,131,1,1089.18,Hibernating
12535,92,2,716.35,Hibernating
12536,43,3,12601.830000000002,Need Attention
12538,29,1,363.95,New Customer
12539,22,4,5568.35,Champions
12540,20,17,13400.24,Champions
12541,30,3,981.18,Potential Loyalist
12544,36,1,372.7,Normal
12545,75,2,1000.39,Hibernating
12546,47,2,1161.5,Need Attention
12547,198,2,207.79999999999998,Hibernating
12548,166,1,95.19999999999999,Hibernating
12550,79,1,964.83,Hibernating
12551,358,1,168.0,Hibernating
12552,39,2,437.82,Need Attention
12553,8,10,3692.28,Champions
12556,50,2,603.71,Need Attention
12557,16,5,11990.960000000001,Champions
12558,8,1,269.96,New Customer
12559,311,2,561.71,Hibernating
12560,5,3,2134.01,Potential Loyalist
12561,303,1,238.85,Hibernating
12562,8,7,3781.7400000000002,Champions
12564,261,1,456.9,Hibernating
12565,289,1,145.92,Hibernating
12566,86,1,351.65,Hibernating
12567,23,10,9401.28,Champions
12569,2,32,4124.69,Champions
12571,40,2,519.61,Need Attention
12572,9,2,1020.42,Potential Loyalist
12573,227,1,160.54000000000002,Hibernating
12574,316,1,218.45,Hibernating
12576,36,5,1315.83,Loyal
12577,35,3,657.8,Need Attention
12578,21,2,2794.51,Potential Loyalist
12579,78,1,440.42,Hibernating
12580,247,1,415.7,Hibernating
12581,40,1,197.71,Normal
12582,239,2,511.36,Hibernating
12583,3,15,7281.38,Champions
12584,4,9,2338.15,Champions
12585,234,2,2040.1,Hibernating
12586,17,1,196.94000000000003,New Customer
12587,8,1,144.0,New Customer
12588,39,1,214.89999999999998,Normal
12589,29,2,646.68,Potential Loyalist
12590,211,2,9864.26,Hibernating
12591,317,1,452.84999999999997,Hibernating
12592,92,2,437.6,Hibernating
12593,109,3,418.09999999999997,Normal
12594,38,10,3338.2200000000003,Loyal
12596,51,2,618.27,Need Attention
12597,19,4,3811.22,Champions
12598,10,8,3023.08,Champions
12599,29,7,1032.58,Champions
12600,29,10,2599.04,Champions
12601,190,5,577.0600000000001,At Risk
12602,59,1,153.12,Normal
12603,22,1,739.1999999999999,New Customer
12604,79,2,254.18,Hibernating
12607,60,1,1579.51,Normal
12609,78,3,1126.85,At Risk
12610,23,5,2099.54,Champions
12611,52,1,1193.32,Normal
12612,74,1,704.0400000000001,Hibernating
12613,57,5,3344.38,Loyal
12614,278,1,315.6,Hibernating
12615,2,4,2291.19,Champions
12616,95,2,713.3,Hibernating
12617,29,1,355.53,New Customer
12618,22,1,177.31,New Customer
12619,16,9,3641.24,Champions
12620,15,3,1339.41,Potential Loyalist
12621,2,20,13689.67,Champions
12622,232,1,180.1,Hibernating
12623,276,1,305.1,Hibernating
12624,106,2,641.13,Hibernating
12625,212,2,2683.82,Hibernating
12626,23,9,6620.48,Champions
12627,11,7,4478.53,Champions
12628,4,3,786.46,Potential Loyalist
12630,10,2,1270.88,Potential Loyalist
12631,57,1,640.5,Normal
12633,59,4,2163.98,Loyal
12635,90,2,1689.18,Hibernating
12637,67,8,6021.9,Loyal
12638,33,1,671.69,New Customer
12639,239,1,486.1,Hibernating
12640,24,3,1174.58,Potential Loyalist
12641,115,1,185.9,Hibernating
12642,25,3,1013.26,Potential Loyalist
12643,128,6,3344.64,At Risk
12644,130,1,477.91,Hibernating
12645,34,4,1775.18,Loyal
12646,5,2,1346.97,Potential Loyalist
12647,22,12,3722.82,Champions
12648,155,1,318.05,Hibernating
12649,107,3,623.51,At Risk
12650,3,1,314.44,New Customer
12651,335,1,114.0,Hibernating
12652,331,1,919.98,Hibernating
12653,149,2,2209.85,Hibernating
12654,11,5,601.98,Loyal
12656,17,5,4051.17,Champions
12657,11,4,1643.18,Champions
12658,19,1,686.05,New Customer
12659,30,1,91.68,New Customer
12660,11,1,245.1,New Customer
12662,1,11,3849.78,Champions
12664,8,9,4881.88,Champions
12665,325,1,63.0,Hibernating
12667,58,1,620.13,Normal
12668,12,4,3807.15,Champions
12669,151,3,2744.0299999999997,At Risk
12670,10,5,2996.05,Champions
12672,330,1,225.89999999999998,Hibernating
12673,5,2,610.52,Potential Loyalist
12674,39,4,1970.6,Loyal
12676,25,6,1331.39,Champions
12678,42,12,17628.46,Loyal
12679,59,4,1113.02,Loyal
12680,1,4,862.81,Loyal
12681,15,22,13787.54,Champions
12682,4,31,12288.22,Champions
12683,4,15,8476.57,Champions
12684,8,7,2283.63,Champions
12685,28,6,2863.08,Champions
12686,372,1,89.14,Hibernating
12688,114,1,4873.8099999999995,Hibernating
12689,26,2,1247.61,Potential Loyalist
12690,206,1,389.01,Hibernating
12691,28,6,1035.8,Champions
12693,127,4,855.91,At Risk
12694,70,2,869.67,Need Attention
12695,7,4,582.1,Loyal
12697,29,3,957.59,Potential Loyalist
12700,8,4,4939.99,Champions
12701,80,2,797.71,Hibernating
12702,20,1,219.0,New Customer
12703,71,1,283.55,Normal
12704,7,8,2340.84,Champions
12705,15,9,6868.29,Champions
12707,292,1,603.42,Hibernating
12708,30,10,2712.91,Champions
12709,15,15,9736.52,Champions
12710,97,3,1149.02,At Risk
12712,29,13,4396.13,Champions
12713,1,1,848.55,New Customer
12714,9,5,4708.86,Champions
12715,106,1,353.86,Hibernating
12716,4,2,1053.49,Potential Loyalist
12717,151,2,1030.98,Hibernating
12718,71,1,238.25,Normal
12719,5,2,644.95,Potential Loyalist
12720,3,25,5781.73,Champions
12721,32,6,2656.13,Champions
12722,85,4,997.63,At Risk
12723,4,5,725.07,Loyal
12724,5,4,1031.41,Champions
12725,371,1,427.8,Hibernating
12726,28,7,2609.1,Champions
12727,11,7,3980.7,Champions
12728,71,4,836.33,Loyal
12729,114,1,453.01,Hibernating
12731,24,12,18895.91,Champions
12732,180,1,236.26000000000002,Hibernating
12733,234,1,383.95,Hibernating
12734,353,1,110.39999999999999,Hibernating
12735,315,2,779.5699999999999,Hibernating
12736,333,1,234.0,Hibernating
12738,372,1,155.35,Hibernating
12739,78,2,1013.04,Hibernating
12740,64,1,427.6,Normal
12743,134,2,546.43,Hibernating
12744,52,7,21279.29,Loyal
12747,2,11,4196.01,Champions
12748,1,209,33719.73,Champions
12749,4,5,4090.88,Champions
12750,129,1,275.88,Hibernating
12752,81,1,4366.78,Hibernating
12753,23,6,21429.39,Champions
12754,236,3,3010.74,At Risk
12755,281,2,3811.95,Hibernating
12756,87,1,112.07999999999998,Hibernating
12757,16,13,7857.1,Champions
12758,117,2,2791.59,Hibernating
12759,52,3,1531.44,Need Attention
12762,8,2,1898.52,Potential Loyalist
12763,138,2,494.08,Hibernating
12764,317,1,1693.88,Hibernating
12766,4,7,6989.63,Champions
12769,239,1,1143.6,Hibernating
12770,211,1,1351.45,Hibernating
12772,60,1,892.47,Normal
12775,17,5,1386.04,Champions
12778,20,6,822.23,Loyal
12779,38,8,3981.36,Loyal
12781,64,2,826.74,Need Attention
12782,5,5,2330.92,Champions
12783,2,6,2225.91,Champions
12784,9,2,574.42,Potential Loyalist
12785,364,1,311.95,Hibernating
12787,10,3,463.66,Potential Loyalist
12789,65,1,91.85,Normal
12790,192,1,324.92,Hibernating
12791,374,1,192.60000000000002,Hibernating
12792,257,1,400.53999999999996,Hibernating
12793,335,2,545.48,Hibernating
12794,53,2,860.41,Need Attention
12795,19,1,430.48,New Customer
12797,366,1,254.03,Hibernating
12798,10,3,6977.04,Potential Loyalist
12802,187,1,427.58,Hibernating
12808,37,3,483.65000000000003,Need Attention
12809,178,1,489.31,Hibernating
12811,261,3,514.85,At Risk
12812,45,1,229.64000000000001,Normal
12814,102,1,125.92,Hibernating
12815,148,2,1063.46,Hibernating
12816,96,2,572.2,Hibernating
12817,281,1,166.04,Hibernating
12818,262,1,1542.08,Hibernating
12820,3,4,942.34,Champions
12821,214,1,92.72,Hibernating
12822,71,2,948.88,Need Attention
12823,75,5,1759.5,At Risk
12824,60,1,397.12,Normal
12826,3,7,1474.72,Champions
12827,6,3,430.15000000000003,Potential Loyalist
12828,3,6,1018.71,Champions
12829,337,2,293.0,Hibernating
12830,38,6,6814.64,Loyal
12831,262,1,215.05,Hibernating
12832,32,2,383.03,Potential Loyalist
12833,145,1,417.38,Hibernating
12834,283,1,312.38,Hibernating
12836,59,4,2612.86,Loyal
12837,173,1,134.1,Hibernating
12838,34,2,683.13,Need Attention
12839,3,14,5591.42,Champions
12840,144,4,2726.77,At Risk
12841,5,25,4022.35,Champions
12842,70,2,1118.99,Need Attention
12843,66,8,1702.26,Loyal
12844,29,2,325.96000000000004,Potential Loyalist
12845,267,4,354.09,Normal
12847,22,1,871.54,New Customer
12849,31,2,1050.8899999999999,Potential Loyalist
12851,97,1,135.18,Hibernating
12852,295,1,311.55,Hibernating
12853,135,6,1957.1000000000001,At Risk
12854,79,3,1324.5,At Risk
12855,373,1,38.1,Hibernating
12856,8,6,2179.93,Champions
12857,211,2,1106.4,Hibernating
12863,52,1,521.2,Normal
12864,138,1,147.12,Hibernating
12865,26,2,1568.23,Potential Loyalist
12866,283,1,559.12,Hibernating
12867,26,7,4036.82,Champions
12868,186,6,1607.0600000000002,Can't Lose
12871,84,2,380.64,Hibernating
12872,327,2,599.97,Hibernating
12873,282,1,374.0,Hibernating
12875,143,2,343.2300000000001,Hibernating
12876,58,2,2218.02,Need Attention
12877,4,12,1535.77,Champions
12878,236,2,854.99,Hibernating
12879,45,3,573.22,Need Attention
12881,276,1,298.0,Hibernating
12882,9,2,1463.04,Potential Loyalist
12883,25,4,703.47,Loyal
12884,88,1,309.05,Hibernating
12885,63,3,1175.22,Need Attention
12886,68,2,1378.4,Need Attention
12888,214,2,354.12,Hibernating
12890,24,1,380.46999999999997,New Customer
12891,186,3,331.0,Normal
12893,31,1,188.14,New Customer
12895,42,2,372.8,Need Attention
12897,205,2,216.5,Hibernating
12901,9,28,17654.54,Champions
12902,265,1,138.68,Hibernating
12904,18,2,509.58,Potential Loyalist
12906,12,5,2919.81,Champions
12908,176,2,750.0,Hibernating
12909,40,5,2178.67,Loyal
12910,23,8,3075.04,Champions
12912,3,5,1662.3,Champions
12913,5,5,2483.63,Champions
12915,149,2,363.65,Hibernating
12916,139,4,3006.15,At Risk
12917,128,1,594.0,Hibernating
12919,8,6,1335.19,Champions
12920,17,1,164.23,New Customer
12921,9,37,16587.09,Champions
12922,161,1,405.38,Hibernating
12923,64,1,176.97,Normal
12924,88,4,933.7,At Risk
12925,5,2,694.05,Potential Loyalist
12928,35,5,2062.7000000000003,Loyal
12929,312,1,117.85,Hibernating
12930,78,2,415.8,Hibernating
12931,22,15,42055.96,Champions
12933,24,3,607.53,Potential Loyalist
12935,2,7,2160.7,Champions
12936,17,4,1063.9,Champions
12937,15,4,1504.27,Champions
12938,26,1,114.14,New Customer
12939,64,8,11581.8,Loyal
12940,55,2,913.54,Need Attention
12942,131,3,683.9,At Risk
12944,36,2,604.51,Need Attention
12945,288,1,462.95,Hibernating
12947,144,6,1603.99,At Risk
12948,16,7,2064.95,Champions
12949,31,8,4167.22,Champions
12950,2,3,1843.0,Potential Loyalist
12951,9,6,1064.07,Champions
12952,6,4,1387.79,Champions
12953,10,1,329.85,New Customer
12955,1,11,4757.16,Champions
12956,306,1,108.07,Hibernating
12957,10,8,4017.54,Champions
12962,7,2,266.39,Potential Loyalist
12963,8,8,1856.63,Champions
12965,89,1,771.91,Hibernating
12966,10,1,160.18,New Customer
12967,358,2,1660.9,Hibernating
12968,112,1,135.95,Hibernating
12970,7,4,452.24,Potential Loyalist
12971,4,86,11189.91,Champions
12974,198,1,144.8,Hibernating
12976,212,1,738.6,Hibernating
12977,156,1,39.239999999999995,Hibernating
12980,158,9,7374.900000000001,At Risk
12981,30,2,372.21999999999997,Potential Loyalist
12982,243,1,390.54,Hibernating
12984,19,1,97.5,New Customer
12985,1,2,1239.38,Potential Loyalist
12987,74,2,558.7,Hibernating
12988,292,1,535.32,Hibernating
12989,3,15,6924.110000000001,Champions
12990,31,3,409.5,Potential Loyalist
12991,23,2,503.76,Potential Loyalist
12993,23,4,414.76,Potential Loyalist
12994,4,3,974.4200000000001,Potential Loyalist
12995,85,1,211.32,Hibernating
12997,22,4,1226.89,Champions
12999,196,3,455.88,Normal
13000,107,3,534.85,At Risk
13001,4,13,9818.82,Champions
13002,318,1,120.94999999999999,Hibernating
13003,106,3,149.05,Normal
13004,12,18,5655.91,Champions
13005,174,2,513.7,Hibernating
13006,56,1,81.57,Normal
13008,323,1,229.46999999999997,Hibernating
13011,372,1,50.550000000000004,Hibernating
13012,9,8,1661.8400000000001,Champions
13013,1,13,4810.9400000000005,Champions
13014,11,10,3466.2799999999997,Champions
13015,53,5,3346.28,Loyal
13016,73,3,789.89,At Risk
13017,7,1,204.0,New Customer
13018,16,28,7277.7,Champions
13021,4,9,2616.38,Champions
13023,64,2,689.9,Need Attention
13026,1,5,975.36,Champions
13027,114,6,6912.0,At Risk
13028,23,2,661.3199999999999,Potential Loyalist
13029,31,3,1247.5,Potential Loyalist
13030,11,2,799.48,Potential Loyalist
13032,52,2,1010.18,Need Attention
13033,357,1,190.55,Hibernating
13034,55,2,642.77,Need Attention
13035,74,2,921.88,Hibernating
13037,138,3,881.07,At Risk
13038,80,3,908.46,At Risk
13040,9,2,676.99,Potential Loyalist
13043,273,1,516.42,Hibernating
13044,291,1,560.47,Hibernating
13045,99,1,305.28000000000003,Hibernating
13046,31,2,629.31,Potential Loyalist
13047,32,10,3237.54,Champions
13048,14,4,1835.91,Champions
13049,64,2,656.6800000000001,Need Attention
13050,15,17,5836.86,Champions
13052,212,1,348.15000000000003,Hibernating
13055,78,3,1214.41,At Risk
13058,25,3,271.40000000000003,Potential Loyalist
13059,250,1,183.4,Hibernating
13060,254,1,307.53,Hibernating
13061,72,1,248.61,Normal
13062,191,1,346.98,Hibernating
13064,13,4,1119.49,Champions
13065,373,1,205.86,Hibernating
13066,24,2,470.8,Potential Loyalist
13067,82,1,115.46000000000001,Hibernating
13068,10,2,344.0,Potential Loyalist
13069,1,24,4436.12,Champions
13070,192,1,228.8,Hibernating
13072,267,1,177.15,Hibernating
13075,130,1,919.61,Hibernating
13077,1,4,729.27,Loyal
13078,3,26,12627.94,Champions
13079,4,5,220.10000000000002,Normal
13080,179,1,58.08,Hibernating
13081,12,11,28337.38,Champions
13082,126,9,3613.63,At Risk
13083,4,2,303.75,Potential Loyalist
13085,158,2,416.08000000000004,Hibernating
13089,3,97,58825.83,Champions
13090,9,14,8910.82,Champions
13091,28,1,345.82,New Customer
13092,71,5,477.83,Need Attention
13093,276,8,7832.47,Can't Lose
13094,21,12,1927.3200000000002,Champions
13095,71,1,74.39999999999999,Normal
13097,33,10,6010.42,Champions
13098,1,28,28882.44,Champions
13099,99,1,207.35999999999999,Hibernating
13101,234,1,101.19,Hibernating
13102,1,24,6424.09,Champions
13103,40,1,243.94,Normal
13104,3,6,1098.48,Champions
13106,133,1,76.5,Hibernating
13107,44,4,1531.6200000000001,Loyal
13108,373,1,350.06,Hibernating
13109,60,2,786.54,Need Attention
13110,31,7,1488.67,Champions
13113,1,24,12245.960000000001,Champions
13115,12,4,2294.78,Champions
13116,138,1,501.14,Hibernating
13117,22,8,984.91,Champions
13118,20,5,1197.81,Champions
13120,239,1,30.599999999999998,Hibernating
13121,269,1,283.73,Hibernating
13122,94,2,922.39,Hibernating
13124,90,3,3866.33,At Risk
13126,5,8,2099.64,Champions
13127,78,1,259.17,Hibernating
13130,94,1,64.0,Hibernating
13131,23,3,1073.3,Potential Loyalist
13132,262,1,77.3,Hibernating
13133,274,2,109.8,Hibernating
13134,86,4,1793.58,At Risk
13135,197,1,3096.0,Hibernating
13136,56,5,2607.61,Loyal
13137,11,8,3650.41,Champions
13138,22,6,962.39,Champions
13139,16,7,5064.94,Champions
13140,108,3,423.72,Normal
13141,85,5,2388.75,At Risk
13142,19,1,307.09,New Customer
13144,333,1,110.95,Hibernating
13145,40,4,618.52,Loyal
13146,26,1,228.91,New Customer
13147,10,4,712.8000000000001,Loyal
13148,29,12,3707.12,Champions
13149,14,4,1676.06,Champions
13151,296,1,1257.8700000000001,Hibernating
13153,6,1,486.22,New Customer
13155,33,4,971.76,Champions
13157,49,4,1741.22,Loyal
13158,95,4,1201.06,At Risk
13159,9,4,1437.85,Champions
13160,22,1,91.8,New Customer
13161,313,1,112.75,Hibernating
13162,122,4,1688.29,At Risk
13165,46,2,1021.48,Need Attention
13166,283,1,417.2,Hibernating
13167,19,4,791.33,Loyal
13168,36,4,1319.19,Loyal
13169,64,2,712.88,Need Attention
13170,27,1,116.00999999999999,New Customer
13171,22,3,468.41,Potential Loyalist
13173,4,2,353.65,Potential Loyalist
13174,16,3,2817.03,Potential Loyalist
13176,46,1,492.84,Normal
13177,65,1,282.45,Normal
13178,26,11,5725.47,Champions
13182,45,1,121.18,Normal
13183,8,9,3957.78,Champions
13184,15,10,1701.29,Champions
13185,268,1,71.4,Hibernating
13186,40,3,1575.89,Need Attention
13187,337,1,236.02,Hibernating
13188,11,1,114.60000000000001,New Customer
13189,19,2,260.68,Potential Loyalist
13192,95,2,911.94,Hibernating
13193,61,1,117.88,Normal
13194,136,1,60.7,Hibernating
13196,11,4,1797.78,Champions
13198,10,6,3401.2400000000002,Champions
13199,4,38,9817.12,Champions
13200,19,4,870.09,Loyal
13203,10,4,869.46,Loyal
13207,15,2,250.26000000000002,Potential Loyalist
13208,59,6,1223.9,Loyal
13209,30,8,5891.61,Champions
13210,94,1,353.48,Hibernating
13211,10,3,1197.42,Potential Loyalist
13212,20,3,788.08,Potential Loyalist
13213,57,5,1520.58,Loyal
13216,268,1,333.74,Hibernating
13217,122,3,533.98,At Risk
13218,127,1,62.63999999999999,Hibernating
13220,78,4,819.2900000000001,At Risk
13221,240,2,847.41,Hibernating
13223,200,2,163.20000000000002,Hibernating
13224,60,2,2155.95,Need Attention
13225,3,7,6463.84,Champions
13226,273,1,108.21000000000001,Hibernating
13227,202,1,257.7,Hibernating
13228,81,1,358.0,Hibernating
13229,226,1,160.95,Hibernating
13230,4,14,2806.97,Champions
13232,13,7,1357.6,Champions
13233,74,2,605.12,Hibernating
13235,212,1,1031.07,Hibernating
13236,25,2,744.85,Potential Loyalist
13238,17,4,700.73,Loyal
13239,262,1,329.56,Hibernating
13240,96,4,663.65,At Risk
13242,112,3,270.40000000000003,Normal
13243,203,1,600.07,Hibernating
13244,93,1,121.74000000000001,Hibernating
13245,51,1,430.5,Normal
13246,18,6,1987.3,Champions
13247,18,4,501.12,Loyal
13248,125,2,465.68,Hibernating
13249,92,3,711.41,At Risk
13253,157,2,1030.4,Hibernating
13255,9,2,399.51,Potential Loyalist
13258,12,3,698.58,Potential Loyalist
13259,62,1,292.32,Normal
13260,61,1,557.62,Normal
13261,269,2,944.1,Hibernating
13262,263,1,200.29,Hibernating
13263,1,35,7454.07,Champions
13265,53,5,2107.66,Loyal
13266,11,12,3834.2599999999998,Champions
13267,3,19,4521.49,Champions
13268,18,11,3214.69,Champions
13269,1,15,5346.2300000000005,Champions
13270,366,1,590.0,Hibernating
13271,37,1,217.38,Normal
13272,31,2,276.56,Potential Loyalist
13273,113,1,138.98,Hibernating
13276,64,2,590.9300000000001,Need Attention
13277,16,4,258.4,Potential Loyalist
13278,41,1,542.73,Normal
13279,78,1,137.75,Hibernating
13280,122,3,814.86,At Risk
13282,18,3,1132.14,Potential Loyalist
13283,60,2,93.66,Normal
13284,331,1,201.19,Hibernating
13285,23,4,2709.12,Champions
13291,156,1,361.11,Hibernating
13292,39,2,578.9399999999999,Need Attention
13294,190,2,873.74,Hibernating
13295,360,1,201.20000000000002,Hibernating
13296,137,1,87.4,Hibernating
13297,8,4,2089.85,Champions
13298,1,1,360.0,New Customer
13299,268,1,142.5,Hibernating
13300,169,1,371.89,Hibernating
13301,104,4,618.09,At Risk
13302,155,1,63.75,Hibernating
13304,351,1,300.42,Hibernating
13305,4,10,2000.86,Champions
13307,120,1,15.0,Hibernating
13308,23,3,1385.51,Potential Loyalist
13309,7,5,1456.79,Champions
13310,28,3,1132.03,Potential Loyalist
13311,4,2,598.57,Potential Loyalist
13313,22,5,1555.32,Champions
13314,2,3,775.94,Potential Loyalist
13316,37,4,5977.7300000000005,Loyal
13317,66,6,2273.68,Loyal
13318,1,3,640.76,Potential Loyalist
13319,5,26,10845.550000000001,Champions
13320,78,4,1548.7,At Risk
13321,72,2,567.36,Need Attention
13322,17,1,199.48000000000002,New Customer
13323,3,5,787.85,Loyal
13324,36,10,7121.95,Loyal
13325,82,1,675.3,Hibernating
13327,39,8,3627.77,Loyal
13328,316,1,1308.48,Hibernating
13329,32,2,789.0,Potential Loyalist
13330,93,3,1140.93,At Risk
13332,14,1,350.9,New Customer
13334,82,3,3536.82,At Risk
13336,77,1,795.12,Hibernating
13338,158,1,487.02,Hibernating
13339,201,1,860.12,Hibernating
13340,45,7,10736.48,Loyal
13341,261,1,775.85,Hibernating
13343,178,1,353.43,Hibernating
13344,68,3,2543.72,Need Attention
13345,288,1,389.5,Hibernating
13347,70,1,341.36,Normal
13348,64,1,233.76,Normal
13349,11,1,247.32,New Customer
13350,16,2,979.12,Potential Loyalist
13351,66,1,373.94,Normal
13352,60,1,397.97999999999996,Normal
13354,71,1,743.53,Normal
13355,122,1,674.7,Hibernating
13356,80,1,768.24,Hibernating
13357,257,1,609.95,Hibernating
13358,269,1,439.03,Hibernating
13359,64,1,439.56,Normal
13362,9,4,3090.7400000000002,Champions
13363,18,2,992.5,Potential Loyalist
13364,71,1,134.95999999999998,Normal
13365,34,2,2225.37,Need Attention
13366,50,1,56.160000000000004,Normal
13368,257,2,623.4,Hibernating
13369,366,1,308.28000000000003,Hibernating
13370,372,1,754.87,Hibernating
13372,90,1,378.64,Hibernating
13373,61,3,3312.25,Need Attention
13375,89,1,778.65,Hibernating
13376,99,3,1019.76,At Risk
13379,26,3,572.56,Potential Loyalist
13381,32,6,3639.31,Champions
13382,281,1,222.99,Hibernating
13384,31,7,4151.93,Champions
13385,330,1,534.57,Hibernating
13388,131,2,677.1,Hibernating
13389,11,3,797.96,Potential Loyalist
13390,75,1,544.08,Hibernating
13391,204,1,59.8,Hibernating
13394,2,8,2520.02,Champions
13395,185,1,307.72,Hibernating
13396,29,2,1360.99,Potential Loyalist
13397,73,5,1544.13,At Risk
13398,192,1,457.34,Hibernating
13402,127,2,621.23,Hibernating
13403,18,1,75.0,New Customer
13404,1,2,252.49,Potential Loyalist
13405,74,3,572.451,At Risk
13408,2,62,28117.04,Champions
13410,24,5,1003.06,Champions
13411,107,1,213.55,Hibernating
13414,134,3,1390.5,At Risk
13416,44,2,712.5,Need Attention
13417,5,2,640.83,Potential Loyalist
13418,12,18,6127.43,Champions
13419,64,1,221.06,Normal
13420,150,2,159.85,Hibernating
13421,40,2,1851.08,Need Attention
13422,64,1,2626.3,Normal
13425,108,3,1624.21,At Risk
13426,1,10,3641.32,Champions
13427,19,3,582.6,Potential Loyalist
13428,10,1,218.47,New Customer
13429,11,4,1006.8,Champions
13430,19,2,679.45,Potential Loyalist
13431,67,2,1269.1,Need Attention
13434,74,2,534.24,Hibernating
13435,5,7,3809.8900000000003,Champions
13436,2,1,196.89,New Customer
13437,14,7,3408.06,Champions
13439,255,1,283.71,Hibernating
13441,92,1,296.64,Hibernating
13447,23,3,1129.14,Potential Loyalist
13448,17,6,3539.37,Champions
13449,24,1,291.88,New Customer
13450,27,6,2043.7199999999998,Champions
13451,26,5,2976.15,Champions
13452,259,2,590.0,Hibernating
13453,166,2,356.97999999999996,Hibernating
13455,25,2,1058.34,Potential Loyalist
13456,18,6,1766.72,Champions
13458,7,14,9646.57,Champions
13460,29,2,183.44,Normal
13461,39,3,1445.0,Need Attention
13462,253,1,151.5,Hibernating
13464,58,1,674.68,Normal
13466,184,1,307.9,Hibernating
13467,11,2,1083.71,Potential Loyalist
13468,2,37,5704.97,Champions
13470,99,2,165.0,Hibernating
13471,1,4,2531.58,Champions
13473,61,2,422.64,Need Attention
13474,236,1,229.59,Hibernating
13475,191,4,1431.78,Can't Lose
13476,179,2,1238.47,Hibernating
13477,38,6,1454.58,Loyal
13479,201,2,300.95,Hibernating
13481,46,5,1804.56,Loyal
13482,232,1,184.64,Hibernating
13483,66,1,140.34,Normal
13484,241,1,313.8,Hibernating
13485,233,1,454.24,Hibernating
13486,78,3,1122.41,At Risk
13487,58,3,575.4,Need Attention
13488,17,13,8968.31,Champions
13489,105,4,449.52,Normal
13491,52,10,1215.82,Loyal
13492,136,3,1269.84,At Risk
13493,275,2,618.63,Hibernating
13494,312,1,316.26000000000005,Hibernating
13495,8,5,2044.8700000000001,Champions
13496,11,2,653.33,Potential Loyalist
13497,283,2,348.05,Hibernating
13499,18,5,1159.11,Champions
13500,23,3,1166.77,Potential Loyalist
13501,288,1,1340.32,Hibernating
13502,17,3,292.0,Potential Loyalist
13503,71,1,216.85,Normal
13504,64,1,295.93,Normal
13505,73,4,4393.63,At Risk
13506,316,2,458.52,Hibernating
13507,3,4,2479.16,Champions
13508,244,1,110.97,Hibernating
13509,9,7,979.72,Champions
13510,1,4,1791.56,Champions
13512,261,1,251.21,Hibernating
13513,127,1,205.1,Hibernating
13514,74,1,152.20000000000002,Hibernating
13515,73,4,891.12,At Risk
13516,21,3,1389.41,Potential Loyalist
13517,60,3,2128.42,Need Attention
13518,86,1,659.4399999999999,Hibernating
13519,78,1,122.75,Hibernating
13520,59,6,3624.35,Loyal
13521,1,3,1093.65,Potential Loyalist
13522,30,1,125.80000000000001,New Customer
13523,33,5,3964.88,Champions
13524,41,5,680.1800000000001,Loyal
13525,15,2,628.78,Potential Loyalist
13527,34,7,2287.51,Loyal
13529,79,2,307.76,Hibernating
13531,205,2,483.8,Hibernating
13532,34,1,210.31,Normal
13533,183,3,270.79,Normal
13534,2,25,5870.08,Champions
13536,1,7,3448.29,Champions
13538,43,7,1280.85,Loyal
13539,86,3,631.34,At Risk
13544,40,2,291.41,Need Attention
13546,12,3,626.99,Potential Loyalist
13548,96,2,682.41,Hibernating
13549,26,7,918.2,Loyal
13551,319,1,91.80000000000001,Hibernating
13552,66,12,3740.07,Loyal
13555,74,4,4149.28,At Risk
13557,28,2,584.06,Potential Loyalist
13558,6,4,605.06,Loyal
13560,7,1,174.37,New Customer
13561,216,1,141.85999999999999,Hibernating
13562,82,3,1799.33,At Risk
13563,84,2,777.53,Hibernating
13564,144,3,1749.02,At Risk
13565,19,2,240.22,Normal
13566,41,2,874.71,Need Attention
13568,173,1,192.85,Hibernating
13569,17,2,373.75,Potential Loyalist
13570,243,1,239.49,Hibernating
13571,13,12,2092.32,Champions
13572,206,1,1384.25,Hibernating
13573,50,2,294.4,Need Attention
13575,23,5,732.0699999999999,Loyal
13576,10,18,6717.34,Champions
13577,25,4,1687.6000000000001,Champions
13579,15,2,467.04,Potential Loyalist
13581,309,1,118.0,Hibernating
13583,156,1,781.03,Hibernating
13584,307,1,142.4,Hibernating
13587,64,1,712.4,Normal
13588,16,9,2478.95,Champions
13589,15,2,379.65,Potential Loyalist
13590,11,6,1981.92,Champions
13591,65,3,1117.13,Need Attention
13592,36,4,247.95999999999998,Normal
13593,108,5,2037.0800000000002,At Risk
13594,53,1,396.97,Normal
13596,6,2,697.04,Potential Loyalist
13598,47,1,180.17000000000002,Normal
13599,1,21,5153.67,Champions
13600,312,1,219.52,Hibernating
13601,45,2,693.32,Need Attention
13602,65,1,428.89,Normal
13603,26,1,164.34,New Customer
13606,29,3,280.53999999999996,Potential Loyalist
13607,40,1,678.01,Normal
13610,12,7,1131.88,Champions
13611,89,3,1171.8,At Risk
13614,24,4,1610.46,Champions
13615,319,1,417.69,Hibernating
13617,40,3,544.18,Need Attention
13618,174,1,177.34,Hibernating
13621,117,1,213.85,Hibernating
13623,31,5,747.78,Loyal
13626,253,1,257.23,Hibernating
13627,59,5,1638.47,Loyal
13629,23,11,7792.36,Champions
13630,5,7,2031.78,Champions
13631,100,11,3070.42,At Risk
13632,25,5,2121.27,Champions
13634,33,5,1575.16,Champions
13635,68,1,1071.03,Normal
13636,37,5,949.12,Loyal
13637,52,3,810.5,Need Attention
13638,16,1,122.64,New Customer
13639,74,1,1033.34,Hibernating
13642,216,1,354.8,Hibernating
13643,31,3,519.44,Potential Loyalist
13644,16,4,2624.26,Champions
13645,120,1,252.1,Hibernating
13647,10,4,1678.1200000000001,Champions
13649,257,2,346.6,Hibernating
13650,17,6,1836.34,Champions
13651,35,2,94.2,Normal
13652,46,3,1095.08,Need Attention
13654,43,6,2707.33,Loyal
13655,114,2,932.97,Hibernating
13656,165,2,379.65,Hibernating
13657,11,2,382.14,Potential Loyalist
13658,10,5,2639.17,Champions
13659,206,2,1573.2,Hibernating
13662,86,3,897.76,At Risk
13663,179,1,189.47,Hibernating
13666,60,3,84.65,Normal
13667,149,1,305.02,Hibernating
13668,3,21,6363.59,Champions
13669,51,2,218.55,Normal
13670,75,1,349.7,Hibernating
13672,301,2,186.39000000000001,Hibernating
13673,19,2,396.92,Potential Loyalist
13675,151,2,486.82000000000005,Hibernating
13678,152,1,232.6,Hibernating
13680,1,4,3722.42,Champions
13681,18,4,827.83,Loyal
13682,187,1,59.5,Hibernating
13684,286,1,67.23,Hibernating
13685,3,7,3119.44,Champions
13686,183,1,72.0,Hibernating
13689,63,1,910.0,Normal
13690,59,1,172.25,Normal
13692,25,3,1488.32,Potential Loyalist
13694,4,50,65039.62,Champions
13695,31,15,2504.13,Champions
13697,39,1,151.29999999999998,Normal
13699,155,1,308.58000000000004,Hibernating
13700,26,10,2265.12,Champions
13703,318,1,99.5,Hibernating
13704,5,9,2308.06,Champions
13705,8,3,711.86,Potential Loyalist
13706,303,1,330.79,Hibernating
13707,267,2,806.41,Hibernating
13708,271,1,296.88,Hibernating
13709,4,13,6328.05,Champions
13710,32,1,180.48,New Customer
13711,219,2,252.06,Hibernating
13712,247,1,228.84,Hibernating
13715,281,5,1079.34,Can't Lose
13716,269,1,138.28,Hibernating
13717,32,6,1445.01,Champions
13718,246,2,306.55,Hibernating
13719,15,5,1041.68,Champions
13720,117,4,799.9,At Risk
13721,36,1,524.14,Normal
13722,132,3,2375.41,At Risk
13723,217,1,199.85000000000002,Hibernating
13725,50,8,1980.56,Loyal
13726,39,2,1079.6599999999999,Need Attention
13727,29,2,333.48,Potential Loyalist
13728,37,6,1016.14,Loyal
13730,136,2,752.6,Hibernating
13731,219,2,610.59,Hibernating
13732,28,1,491.86,New Customer
13735,25,4,2885.2400000000002,Champions
13736,5,2,731.9,Potential Loyalist
13737,200,1,339.59999999999997,Hibernating
13739,18,1,216.9,New Customer
13740,241,1,350.75,Hibernating
13741,72,3,668.4300000000001,Need Attention
13742,17,12,3131.02,Champions
13743,3,7,1341.6,Champions
13744,95,2,1156.36,Hibernating
13745,162,1,300.04,Hibernating
13747,374,1,79.6,Hibernating
13748,96,5,948.25,At Risk
13750,54,5,1647.26,Loyal
13751,288,1,296.25,Hibernating
13752,124,6,1186.28,At Risk
13753,288,1,741.26,Hibernating
13754,152,2,282.59999999999997,Hibernating
13755,4,9,2161.35,Champions
13756,2,14,5189.52,Champions
13758,12,7,3190.55,Champions
13759,33,2,659.4100000000001,Potential Loyalist
13760,54,2,286.79,Need Attention
13761,50,2,1070.65,Need Attention
13762,219,1,306.72,Hibernating
13763,63,1,1714.96,Normal
13764,71,3,1521.76,Need Attention
13767,2,37,17220.36,Champions
13769,2,10,2796.51,Champions
13771,64,4,2634.45,Loyal
13772,34,3,1132.13,Need Attention
13774,82,1,345.0,Hibernating
13777,1,33,25977.16,Champions
13778,103,1,178.7,Hibernating
13780,7,2,360.01,Potential Loyalist
13781,251,1,127.84,Hibernating
13782,13,6,912.0,Loyal
13784,10,11,2462.79,Champions
13786,367,1,230.39999999999998,Hibernating
13787,76,2,309.04,Hibernating
13790,4,1,348.8,New Customer
13791,128,2,1516.0,Hibernating
13792,66,2,195.55,Normal
13798,1,57,37153.85,Champions
13799,117,2,688.86,Hibernating
13800,310,1,558.32,Hibernating
13801,67,1,324.8,Normal
13802,139,3,4599.42,At Risk
13803,255,1,277.07,Hibernating
13804,31,7,2635.79,Champions
13805,52,2,924.6,Need Attention
13806,64,1,256.38,Normal
13807,367,1,112.6,Hibernating
13808,6,5,1747.66,Champions
13809,305,1,155.05,Hibernating
13810,29,3,1499.01,Potential Loyalist
13811,184,3,814.5,At Risk
13812,42,3,539.0,Need Attention
13813,40,4,1366.8600000000001,Loyal
13814,92,2,1579.12,Hibernating
13815,22,4,4027.36,Champions
13816,24,2,571.6700000000001,Potential Loyalist
13817,29,2,382.98,Potential Loyalist
13819,302,3,1140.35,At Risk
13821,145,2,385.64,Hibernating
13822,6,2,632.0,Potential Loyalist
13823,19,2,957.66,Potential Loyalist
13824,33,5,1698.94,Champions
13826,176,1,189.5,Hibernating
13827,58,3,412.05,Need Attention
13828,22,1,209.49,New Customer
13831,16,6,2202.99,Champions
13832,19,1,52.199999999999996,New Customer
13833,159,1,384.8,Hibernating
13835,25,4,834.57,Loyal
13837,212,2,271.24,Hibernating
13838,6,4,691.73,Loyal
13841,253,1,85.0,Hibernating
13842,59,9,3385.62,Loyal
13844,11,1,361.62,New Customer
13845,65,1,312.98,Normal
13846,25,3,865.0600000000001,Potential Loyalist
13848,92,3,1255.0,At Risk
13849,52,2,1537.95,Need Attention
13850,129,1,1595.48,Hibernating
13851,96,3,2651.46,At Risk
13853,57,1,1090.14,Normal
13854,9,25,8109.5199999999995,Champions
13856,169,3,388.5,Normal
13858,57,1,216.17,Normal
13859,326,1,201.16,Hibernating
13860,1,5,1245.9,Champions
13862,18,8,2209.36,Champions
13863,248,1,305.78,Hibernating
13865,58,4,501.56,Loyal
13866,74,1,145.67000000000002,Hibernating
13867,31,3,1015.29,Potential Loyalist
13868,7,2,3192.54,Potential Loyalist
13869,123,4,3104.95,At Risk
13870,2,8,2770.94,Champions
13871,23,13,6403.25,Champions
13873,120,3,389.6,Normal
13874,358,1,540.45,Hibernating
13875,54,5,1786.79,Loyal
13876,64,1,122.7,Normal
13877,86,1,117.24,Hibernating
13878,55,1,1281.53,Normal
13880,21,13,3219.77,Champions
13881,4,20,17159.52,Champions
13882,3,5,1191.13,Champions
13883,11,5,2674.48,Champions
13884,7,5,787.6,Loyal
13885,189,2,506.8,Hibernating
13886,71,1,243.56,Normal
13887,204,1,349.55,Hibernating
13888,120,2,605.63,Hibernating
13889,93,1,416.90000000000003,Hibernating
13890,1,10,1883.8100000000002,Champions
13892,27,4,632.97,Loyal
13893,298,1,821.1,Hibernating
13894,24,3,564.62,Potential Loyalist
13895,28,4,2593.07,Champions
13897,50,1,311.16,Normal
13898,326,1,155.93,Hibernating
13899,16,2,388.52,Potential Loyalist
13900,183,3,740.95,At Risk
13901,72,5,2867.2,Loyal
13904,37,2,332.64,Need Attention
13908,80,4,2369.55,At Risk
13911,57,9,2580.91,Loyal
13914,12,2,626.45,Potential Loyalist
13917,50,2,272.04,Need Attention
13918,50,2,1212.8400000000001,Need Attention
13919,59,2,384.81,Need Attention
13922,352,1,172.25,Hibernating
13923,54,1,351.13,Normal
13924,2,6,1838.8500000000001,Champions
13925,93,4,678.25,At Risk
13926,23,1,223.85000000000002,New Customer
13927,75,1,348.99,Hibernating
13928,11,4,464.57,Potential Loyalist
13929,169,2,842.65,Hibernating
13930,58,2,337.34,Need Attention
13931,96,2,1237.53,Hibernating
13932,295,1,307.4,Hibernating
13933,109,2,608.7900000000001,Hibernating
13934,264,1,922.1,Hibernating
13936,180,1,376.58,Hibernating
13937,169,1,158.85,Hibernating
13938,35,1,71.66,Normal
13939,23,3,568.55,Potential Loyalist
13940,17,4,839.14,Loyal
13941,22,5,5112.96,Champions
13946,79,3,561.5699999999999,At Risk
13947,65,1,90.6,Normal
13948,361,1,102.0,Hibernating
13949,3,6,2427.32,Champions
13950,11,4,745.06,Loyal
13951,176,3,674.45,At Risk
13952,218,2,3251.071,Hibernating
13953,7,7,3515.68,Champions
13954,2,2,439.92,Potential Loyalist
13955,154,2,322.96,Normal
13956,5,5,1026.42,Champions
13959,79,3,598.2,At Risk
13960,21,2,230.22,Normal
13962,22,2,169.55,Normal
13963,308,4,664.54,At Risk
13967,146,1,80.7,Hibernating
13969,7,18,9053.94,Champions
13971,19,8,2758.26,Champions
13972,71,2,190.25,Normal
13973,287,1,264.7,Hibernating
13974,49,1,413.59000000000003,Normal
13975,31,6,2526.28,Champions
13976,207,1,357.98,Hibernating
13978,15,2,196.79000000000002,Normal
13979,73,1,869.87,Hibernating
13980,60,1,200.14,Normal
13982,39,4,1871.81,Loyal
13983,30,12,2603.43,Champions
13984,27,5,920.51,Loyal
13985,4,15,7060.13,Champions
13986,17,1,320.46,New Customer
13988,20,6,4147.96,Champions
13989,66,2,1266.08,Need Attention
13990,213,1,311.3,Hibernating
13991,12,6,855.97,Loyal
13992,30,1,76.8,New Customer
13993,43,9,3466.36,Loyal
13994,4,6,2313.14,Champions
13995,15,5,1393.69,Champions
13999,10,12,3901.81,Champions
14000,211,1,635.66,Hibernating
14001,46,3,2043.0800000000002,Need Attention
14002,134,2,529.73,At Risk
14004,43,7,4582.64,Loyal
14005,10,5,2874.72,Champions
14006,116,3,962.19,At Risk
14009,198,2,695.61,At Risk
14012,278,1,328.8,Hibernating
14013,110,3,473.02,Normal
14014,77,1,505.18,Hibernating
14015,53,1,917.34,Normal
14016,162,4,4341.21,At Risk
14019,47,3,1421.61,Need Attention
14020,17,2,642.8,Potential Loyalist
14021,155,3,631.9,At Risk
14022,225,1,440.0,Hibernating
14023,7,2,584.07,Potential Loyalist
14024,122,2,327.7,Normal
14027,61,1,104.82,Normal
14029,63,2,467.66,Need Attention
14030,18,8,2360.09,Champions
14031,7,19,17286.86,Champions
14032,2,11,2975.59,Champions
14034,22,3,651.8199999999999,Potential Loyalist
14035,29,5,1428.02,Champions
14036,285,1,626.65,Hibernating
14037,176,2,147.20000000000002,Normal
14038,78,3,1560.38,At Risk
14039,33,1,152.2,New Customer
14040,41,12,3614.92,Loyal
14041,266,1,141.41,Hibernating
14044,27,4,652.82,Loyal
14045,109,4,1659.75,At Risk
14046,284,1,154.99,Hibernating
14047,9,5,1308.6100000000001,Champions
14048,305,1,409.93,Hibernating
14049,17,4,5681.72,Champions
14050,32,2,746.36,Potential Loyalist
14051,1,23,15610.390000000001,Champions
14052,20,1,225.36,New Customer
14053,124,2,260.25,Normal
14054,65,1,92.46,Normal
14055,106,1,725.6400000000001,Hibernating
14056,1,23,8214.65,Champions
14057,24,17,6217.96,Champions
14059,267,1,183.6,Hibernating
14060,5,19,6140.42,Champions
14062,10,12,10464.85,Champions
14064,29,5,1353.74,Champions
14066,267,1,152.55,Hibernating
14067,64,2,374.7,Need Attention
14068,320,1,265.85,Hibernating
14071,4,8,1438.82,Champions
14073,32,1,151.04,New Customer
14075,5,3,942.26,Potential Loyalist
14076,129,1,122.47,Hibernating
14077,41,5,499.41999999999996,Loyal
14078,102,6,1049.37,At Risk
14079,125,1,375.1,Hibernating
14080,33,1,45.599999999999994,New Customer
14081,302,2,934.52,At Risk
14082,365,1,182.25,Hibernating
14083,4,9,1018.43,Champions
14085,2,18,4448.54,Champions
14087,3,1,194.42,New Customer
14088,10,13,50491.81,Champions
14089,57,1,161.0,Normal
14090,325,1,76.32000000000001,Hibernating
14092,8,14,4076.91,Champions
14093,12,1,442.85,New Customer
14096,4,17,65164.79,Champions
14098,37,1,147.35,Normal
14099,16,11,3104.17,Champions
14100,138,1,194.9,Hibernating
14101,74,6,5976.79,At Risk
14102,5,5,1360.28,Champions
14104,155,2,216.20999999999998,Normal
14105,239,1,1266.23,Hibernating
14107,52,7,2703.23,Loyal
14108,31,2,597.91,Potential Loyalist
14109,73,1,144.2,Hibernating
14110,4,12,5683.15,Champions
14111,14,4,692.85,Loyal
14112,23,7,2915.15,Champions
14113,4,4,1840.42,Champions
14114,274,2,386.53,Normal
14116,20,5,1382.74,Champions
14117,144,1,90.0,Hibernating
14121,4,4,2780.15,Champions
14124,84,1,419.58000000000004,Hibernating
14125,11,3,2740.43,Potential Loyalist
14126,8,3,706.1300000000001,Potential Loyalist
14127,123,3,709.71,At Risk
14128,61,2,637.5,Need Attention
14129,2,5,1123.8600000000001,Champions
14130,319,1,483.86,Hibernating
14132,2,11,3586.0299999999997,Champions
14133,130,3,605.64,At Risk
14135,2,15,4690.31,Champions
14138,2,2,982.3800000000001,Potential Loyalist
14139,46,1,415.82,Normal
14140,4,2,935.05,Potential Loyalist
14141,3,4,915.13,Loyal
14142,373,1,311.81,Hibernating
14143,134,1,115.8,Hibernating
14145,47,4,3742.2,Loyal
14146,9,5,4191.0,Champions
14147,78,2,483.4,Normal
14148,234,1,157.2,Hibernating
14149,221,1,446.62,Hibernating
14150,36,2,658.64,Need Attention
14152,75,2,621.29,At Risk
14154,239,2,1345.62,At Risk
14155,266,1,118.75,Hibernating
14156,10,55,117379.63,Champions
14157,20,2,432.88,Potential Loyalist
14158,40,1,507.66,Normal
14159,20,11,4693.01,Champions
14161,216,3,1110.52,At Risk
14162,174,2,289.36,Normal
14163,87,4,2445.91,At Risk
14164,71,2,1631.77,Need Attention
14165,276,1,122.53999999999999,Hibernating
14167,39,4,574.84,Loyal
14171,98,1,363.79,Hibernating
14173,11,4,450.84,Potential Loyalist
14174,33,1,134.46,New Customer
14175,60,3,3222.3,Need Attention
14176,297,4,576.9000000000001,At Risk
14177,86,4,559.41,At Risk
14178,9,7,1620.93,Champions
14179,41,2,719.78,Need Attention
14180,11,25,4748.52,Champions
14184,67,1,452.89,Normal
14185,331,1,197.65,Hibernating
14188,31,6,2054.36,Champions
14189,2,15,4654.08,Champions
14191,2,13,4684.76,Champions
14193,68,2,853.39,Need Attention
14194,5,21,11349.52,Champions
14195,202,2,1012.0,At Risk
14196,107,1,335.52,Hibernating
14198,18,4,701.4,Loyal
14199,218,1,185.39999999999998,Hibernating
14201,60,7,747.44,Loyal
14204,2,1,161.03,New Customer
14205,17,2,466.7,Potential Loyalist
14206,239,1,328.15999999999997,Hibernating
14208,95,1,151.74,Hibernating
14209,11,6,2073.43,Champions
14210,106,6,1905.8400000000001,At Risk
14211,53,9,2241.1,Loyal
14212,90,1,1070.48,Hibernating
14214,31,5,1004.38,Champions
14215,12,6,1789.72,Champions
14216,3,4,1839.3,Champions
14217,2,17,2004.98,Champions
14218,43,1,169.48000000000002,Normal
14219,4,1,89.94,New Customer
14220,247,2,632.4,At Risk
14221,42,9,3432.8,Loyal
14222,177,1,683.17,Hibernating
14223,92,3,991.13,At Risk
14224,110,4,1050.12,At Risk
14226,29,5,2232.19,Champions
14227,26,10,3350.96,Champions
14229,52,3,1547.2,Need Attention
14231,184,3,925.71,At Risk
14232,43,5,2048.07,Loyal
14233,49,4,1462.72,Loyal
14234,22,4,775.46,Loyal
14235,75,5,3144.86,At Risk
14236,81,2,490.86,At Risk
14237,373,1,161.0,Hibernating
14238,326,1,146.85,Hibernating
14239,43,11,2380.85,Loyal
14240,30,2,890.34,Potential Loyalist
14241,184,1,213.70000000000002,Hibernating
14242,235,2,280.55,Normal
14243,9,10,2588.77,Champions
14245,220,2,1693.45,At Risk
14246,111,3,1474.06,At Risk
14247,278,1,136.76999999999998,Hibernating
14248,318,1,302.58,Hibernating
14250,7,3,1904.05,Potential Loyalist
14251,2,5,2879.7000000000003,Champions
14256,260,2,969.0600000000001,At Risk
14257,64,5,3099.7200000000003,Loyal
14258,9,9,12669.98,Champions
14259,142,1,120.0,Hibernating
14261,51,2,1163.45,Need Attention
14262,8,8,2618.23,Champions
14264,155,2,333.97,Normal
14265,109,2,530.18,At Risk
14267,163,3,1516.24,At Risk
14270,332,1,492.65000000000003,Hibernating
14271,226,1,112.32,Hibernating
14272,74,2,437.96,Normal
14273,51,4,559.97,Loyal
14276,99,3,1119.74,At Risk
14277,15,3,4216.2,Potential Loyalist
14280,197,1,134.04,Hibernating
14282,3,15,3729.34,Champions
14284,31,2,595.25,Potential Loyalist
14285,21,4,1910.01,Champions
14286,24,3,4628.75,Potential Loyalist
14287,8,3,176.63,Normal
14288,213,1,426.6,Hibernating
14289,9,6,911.26,Loyal
14290,11,5,2314.65,Champions
14291,2,11,3883.25,Champions
14292,8,9,4871.93,Champions
14293,3,4,1046.56,Champions
14295,40,1,166.20000000000002,Normal
14297,18,4,1305.33,Champions
14298,8,44,51527.3,Champions
14299,8,9,3965.62,Champions
14300,19,1,43.2,New Customer
14301,117,1,640.14,Hibernating
14304,223,1,383.45,Hibernating
14305,71,3,1858.96,Need Attention
14306,51,2,2093.32,Need Attention
14307,89,6,2995.72,At Risk
14309,8,9,2352.53,Champions
14311,243,1,310.26,Hibernating
14312,47,6,1611.59,Loyal
14314,107,1,120.0,Hibernating
14315,45,6,2481.13,Loyal
14317,65,1,508.58000000000004,Normal
14320,207,2,477.79,Normal
14321,11,5,1530.75,Champions
14323,115,2,605.0600000000001,At Risk
14326,242,1,183.85,Hibernating
14327,163,1,311.65,Hibernating
14329,17,7,5014.84,Champions
14331,124,2,462.65999999999997,Normal
14332,23,3,866.31,Potential Loyalist
14333,68,1,415.2,Normal
14334,17,8,2552.21,Champions
14335,16,2,468.26,Potential Loyalist
14336,17,4,1614.91,Champions
14338,161,2,588.22,At Risk
14339,243,1,309.52,Hibernating
14340,219,1,134.7,Hibernating
14341,45,8,2182.28,Loyal
14342,21,4,668.5600000000001,Loyal
14344,127,8,889.9300000000001,At Risk
14345,39,1,108.97999999999999,Normal
14346,121,2,1021.58,At Risk
14348,260,1,409.57,Hibernating
14349,10,1,133.5,New Customer
14350,274,1,282.93,Hibernating
14351,165,1,51.0,Hibernating
14352,157,4,1078.96,At Risk
14353,215,1,90.6,Hibernating
14354,6,2,163.62,Normal
14355,366,1,174.4,Hibernating
14356,80,2,701.23,At Risk
14357,43,1,225.77,Normal
14359,19,3,912.18,Potential Loyalist
14360,32,4,2128.23,Champions
14362,22,1,161.2,New Customer
14364,109,8,3717.35,At Risk
14367,8,16,9261.52,Champions
14368,320,1,155.0,Hibernating
14371,295,1,100.5,Hibernating
14373,358,1,76.55,Hibernating
14375,185,1,257.68,Hibernating
14377,191,2,617.05,At Risk
14379,44,2,348.1,Need Attention
14381,52,1,202.68,Normal
14382,26,1,626.0699999999999,New Customer
14383,38,3,1247.69,Need Attention
14385,9,3,202.11,Normal
14386,297,1,142.4,Hibernating
14387,33,3,1770.56,Potential Loyalist
14388,10,8,3212.84,Champions
14389,65,2,1043.46,Need Attention
14390,10,9,4652.82,Champions
14393,218,1,67.95,Hibernating
14395,2,9,3507.71,Champions
14396,65,2,487.99,Need Attention
14397,3,19,2612.96,Champions
14400,149,1,574.7,Hibernating
14401,4,13,4051.48,Champions
14403,130,4,1475.81,At Risk
14404,34,6,1474.32,Loyal
14406,119,1,156.75,Hibernating
14407,107,6,2157.73,At Risk
14408,11,7,2606.53,Champions
14409,71,6,2059.4500000000003,Loyal
14410,92,9,1105.07,At Risk
14411,311,1,1063.0,Hibernating
14412,43,2,770.03,Need Attention
14413,362,1,122.7,Hibernating
14414,92,7,1496.98,At Risk
14415,1,13,5900.28,Champions
14416,22,2,490.22,Potential Loyalist
14418,4,3,1937.25,Potential Loyalist
14419,11,6,1058.06,Champions
14420,99,1,387.52,Hibernating
14421,57,2,813.11,Need Attention
14422,1,6,4263.64,Champions
14423,218,1,265.2,Hibernating
14424,18,1,322.08,New Customer
14426,24,10,4481.67,Champions
14427,50,2,363.34000000000003,Need Attention
14428,7,5,1244.83,Champions
14431,303,1,470.36,Hibernating
14432,10,6,2255.51,Champions
14434,22,6,1372.8,Champions
14436,99,1,89.06,Hibernating
14437,366,1,63.0,Hibernating
14438,306,1,131.9,Hibernating
14439,320,1,2661.24,Hibernating
14440,8,5,2357.6800000000003,Champions
14441,1,4,1712.89,Champions
14442,205,2,1589.82,At Risk
14443,54,4,1420.2,Loyal
14446,1,4,1039.58,Champions
14447,19,5,1163.23,Champions
14448,9,2,375.35,Potential Loyalist
14449,19,4,907.1,Loyal
14450,181,3,483.25,Normal
14451,60,2,662.59,Need Attention
14452,11,2,264.44,Potential Loyalist
14453,190,1,119.93,Hibernating
14456,5,9,3062.4,Champions
14457,311,1,113.64,Hibernating
14459,155,1,1837.92,Hibernating
14460,110,3,434.34,Normal
14461,148,3,2103.06,At Risk
14462,66,11,2004.02,Loyal
14463,98,3,529.62,At Risk
14465,247,3,1058.6200000000001,At Risk
14466,29,7,2272.4,Champions
14467,18,4,598.76,Loyal
14470,12,2,461.19,Potential Loyalist
14472,104,8,1936.84,At Risk
14473,74,2,234.34000000000003,Normal
14474,46,1,547.66,Normal
14475,72,3,925.85,Need Attention
14476,257,1,215.7,Hibernating
14477,20,4,1309.6,Champions
14479,254,2,316.25,Normal
14480,11,1,279.05,New Customer
14481,165,2,636.51,At Risk
14482,18,6,2068.15,Champions
14483,282,1,137.1,Hibernating
14484,50,1,321.92,Normal
14485,39,1,165.75,Normal
14487,27,6,1196.33,Champions
14488,68,1,1064.28,Normal
14489,207,1,463.38,Hibernating
14491,175,2,340.93,Normal
14493,7,5,2383.2400000000002,Champions
14494,26,1,139.56,New Customer
14495,51,2,123.8,Normal
14496,312,2,538.8100000000001,At Risk
14497,309,1,475.37,Hibernating
14498,43,5,1957.32,Loyal
14499,26,3,815.32,Potential Loyalist
14500,88,3,356.85,Normal
14501,184,2,251.21,Normal
14502,20,11,2470.67,Champions
14503,3,6,3543.26,Champions
14504,47,4,673.26,Loyal
14505,17,8,5905.64,Champions
14506,17,5,2012.17,Champions
14507,24,6,1383.18,Champions
14508,22,2,276.42,Potential Loyalist
14511,11,5,1314.81,Champions
14512,188,2,275.28,Normal
14513,101,3,455.59000000000003,Normal
14514,61,3,1055.35,Need Attention
14515,18,6,2102.09,Champions
14517,33,2,330.45,Potential Loyalist
14518,64,1,174.37,Normal
14520,2,2,270.6,Potential Loyalist
14522,24,4,974.54,Champions
14523,108,1,241.09,Hibernating
14524,32,9,1867.68,Champions
14525,20,9,4332.2,Champions
14527,3,55,8508.82,Champions
14528,37,1,364.21999999999997,Normal
14529,60,3,620.04,Need Attention
14530,26,6,2925.91,Champions
14532,236,4,932.85,At Risk
14533,25,7,1949.72,Champions
14534,3,18,4447.05,Champions
14535,60,3,2864.19,Need Attention
14536,260,1,171.8,Hibernating
14537,58,1,355.56,Normal
14538,65,2,388.25,Need Attention
14539,16,2,537.48,Potential Loyalist
14540,10,3,996.26,Potential Loyalist
14541,59,8,1461.65,Loyal
14542,186,1,103.25,Hibernating
14543,29,16,3630.33,Champions
14544,24,2,2024.45,Potential Loyalist
14546,5,5,2578.09,Champions
14547,4,8,4007.54,Champions
14548,151,2,652.8,At Risk
14549,311,1,289.24,Hibernating
14550,11,2,765.62,Potential Loyalist
14551,18,2,186.23,Normal
14552,152,1,165.07,Hibernating
14553,19,5,859.27,Loyal
14554,10,4,2381.04,Champions
14555,57,2,324.14,Need Attention
14557,85,1,788.38,Hibernating
14560,7,22,2237.77,Champions
14561,76,3,1080.76,At Risk
14562,4,18,5074.77,Champions
14565,96,4,3099.12,At Risk
14566,111,1,1432.0,Hibernating
14567,57,2,1530.3600000000001,Need Attention
14569,1,1,227.39,New Customer
14570,281,2,218.06,Normal
14572,3,7,2832.84,Champions
14573,180,9,1653.42,Can't Lose
14576,372,1,35.400000000000006,Hibernating
14577,13,4,859.71,Loyal
14578,3,1,168.63,New Customer
14581,17,1,138.6,New Customer
14582,41,1,114.11,Normal
14583,6,5,1052.55,Champions
14584,169,4,1042.26,At Risk
14585,50,1,157.05,Normal
14586,277,1,237.36,Hibernating
14587,19,9,1601.14,Champions
14589,372,1,39.75,Hibernating
14591,15,4,1447.14,Champions
14592,35,3,570.46,Need Attention
14593,22,3,617.99,Potential Loyalist
14594,7,2,379.83,Potential Loyalist
14595,20,6,1740.6,Champions
14597,11,2,883.15,Potential Loyalist
14598,44,1,221.97,Normal
14600,306,1,393.33000000000004,Hibernating
14601,11,1,213.96,New Customer
14603,275,1,660.0,Hibernating
14606,1,93,12156.65,Champions
14607,16,14,16569.5,Champions
14608,4,4,1785.15,Champions
14609,72,4,601.56,Loyal
14616,243,3,406.08000000000004,Normal
14618,9,3,553.44,Potential Loyalist
14619,246,1,394.44,Hibernating
14620,206,2,412.78000000000003,Normal
14621,1,5,1788.3600000000001,Champions
14622,185,1,320.58000000000004,Hibernating
14623,32,5,889.25,Loyal
14624,57,2,225.85,Normal
14625,196,2,899.63,At Risk
14626,24,4,2791.27,Champions
14628,91,2,671.96,At Risk
14629,4,2,959.01,Potential Loyalist
14631,51,3,1006.98,Need Attention
14632,263,1,114.56,Hibernating
14633,266,1,344.90000000000003,Hibernating
14636,36,2,609.85,Need Attention
14638,51,1,443.6,Normal
14639,52,6,2984.49,Loyal
14640,24,6,2125.08,Champions
14641,22,1,110.46,New Customer
14642,59,1,96.12,Normal
14643,170,2,693.8100000000001,At Risk
14644,68,2,830.76,Need Attention
14645,157,2,597.09,At Risk
14646,2,73,280206.02,Champions
14647,201,1,243.22,Hibernating
14649,5,4,1417.29,Champions
14651,67,2,654.6,Need Attention
14652,77,1,114.18,Hibernating
14653,1,7,1947.55,Champions
14655,8,4,1932.23,Champions
14656,169,2,291.05,Normal
14657,18,4,848.22,Loyal
14658,5,2,247.15,Normal
14659,9,9,2529.93,Champions
14660,87,2,285.74,Normal
14661,27,1,107.95,New Customer
14662,29,4,771.17,Loyal
14664,20,2,637.89,Potential Loyalist
14665,61,5,1835.7,Loyal
14666,24,1,195.25,New Customer
14667,11,25,9241.2,Champions
14669,242,3,1269.99,At Risk
14670,280,2,411.53,Normal
14672,235,2,765.55,At Risk
14673,3,5,1736.4,Champions
14675,16,1,604.75,New Customer
14676,31,6,2548.2400000000002,Champions
14680,25,16,28754.11,Champions
14681,71,3,498.95,Need Attention
14682,188,2,52.0,Normal
14684,26,5,1236.28,Champions
14687,107,1,628.38,Hibernating
14688,8,21,5630.87,Champions
14689,209,1,112.8,Hibernating
14690,44,2,371.7,Need Attention
14691,31,5,2114.33,Champions
14692,137,4,591.55,At Risk
14693,265,1,172.9,Hibernating
14696,4,7,2078.95,Champions
14697,218,2,188.60999999999999,Normal
14698,2,5,1250.76,Champions
14699,214,1,109.13000000000001,Hibernating
14700,32,3,2235.3,Potential Loyalist
14701,11,9,2549.37,Champions
14702,1,17,3292.14,Champions
14703,15,1,318.17,New Customer
14704,11,9,1546.91,Champions
14705,199,1,179.0,Hibernating
14708,3,3,1126.37,Potential Loyalist
14709,15,13,4921.04,Champions
14710,14,4,606.13,Loyal
14711,10,11,2868.8,Champions
14712,29,3,917.07,Potential Loyalist
14713,9,11,2666.36,Champions
14714,24,1,160.19,New Customer
14715,25,4,867.38,Loyal
14716,43,2,329.68,Need Attention
14719,2,5,1602.13,Champions
14720,6,3,663.81,Potential Loyalist
14722,147,1,187.92000000000002,Hibernating
14723,10,6,1158.3,Champions
14725,25,1,718.08,New Customer
14727,274,1,268.58,Hibernating
14729,374,1,313.49,Hibernating
14730,1,8,2005.06,Champions
14731,47,3,380.02,Need Attention
14732,8,8,2702.4900000000002,Champions
14733,16,12,9585.91,Champions
14735,4,32,6065.69,Champions
14737,4,3,1164.55,Potential Loyalist
14738,43,7,1314.45,Loyal
14739,4,7,3902.28,Champions
14740,197,3,1448.21,At Risk
14741,12,6,1400.34,Champions
14744,16,7,1099.98,Champions
14745,113,5,1220.26,At Risk
14747,249,1,328.2,Hibernating
14748,29,5,1415.75,Champions
14752,44,1,389.64,Normal
14753,87,1,563.15,Hibernating
14754,45,2,638.05,Need Attention
14755,10,11,5010.28,Champions
14756,15,1,738.96,New Customer
14757,75,1,420.5,Hibernating
14758,145,4,1484.06,At Risk
14759,5,3,1625.97,Potential Loyalist
14760,297,1,89.2,Hibernating
14761,59,2,255.9,Need Attention
14762,264,1,300.52,Hibernating
14764,47,1,278.3,Normal
14765,29,3,254.11,Potential Loyalist
14766,8,6,2473.37,Champions
14768,17,2,192.60000000000002,Normal
14769,3,8,10674.75,Champions
14770,232,2,876.42,At Risk
14772,112,1,139.26,Hibernating
14775,58,3,1011.9,Need Attention
14776,51,11,2538.3,Loyal
14778,127,2,730.86,At Risk
14779,281,3,386.15,Normal
14780,55,2,447.68,Need Attention
14782,320,1,200.10000000000002,Hibernating
14784,26,2,289.99,Potential Loyalist
14785,10,2,77.4,Normal
14788,7,2,679.4399999999999,Potential Loyalist
14789,29,1,197.64,New Customer
14790,17,4,745.06,Loyal
14792,64,1,6.2,Normal
14793,21,1,228.99,New Customer
14794,3,7,1319.91,Champions
14795,166,1,131.45000000000002,Hibernating
14796,1,17,8022.49,Champions
14798,53,3,173.74,Normal
14799,51,1,157.7,Normal
14800,48,12,4339.74,Loyal
14801,61,1,193.14,Normal
14803,162,3,845.55,At Risk
14804,9,1,353.27,New Customer
14805,15,4,554.65,Loyal
14806,75,1,193.39000000000001,Hibernating
14808,40,8,2741.17,Loyal
14810,41,11,2087.88,Loyal
14813,370,2,155.43,Normal
14815,37,2,778.5,Need Attention
14816,197,1,271.85,Hibernating
14817,200,2,1110.34,At Risk
14818,74,3,657.8,At Risk
14819,64,2,272.07,Need Attention
14820,21,4,507.29,Loyal
14821,367,1,48.800000000000004,Hibernating
14823,180,3,321.43,Normal
14824,10,4,1127.71,Champions
14825,4,12,2226.91,Champions
14828,197,3,2139.76,At Risk
14829,29,4,697.55,Loyal
14830,53,1,197.13,Normal
14834,18,6,1720.3,Champions
14836,10,3,102.44999999999999,Normal
14837,90,4,1649.5,At Risk
14840,268,1,62.85,Hibernating
14841,53,6,3295.76,Loyal
14842,44,4,2824.69,Loyal
14844,64,4,3189.81,Loyal
14847,149,1,309.4,Hibernating
14849,22,25,7930.54,Champions
14850,312,1,325.75,Hibernating
14851,23,2,511.35,Potential Loyalist
14852,58,6,2836.69,Loyal
14853,24,2,475.8,Potential Loyalist
14854,78,7,2759.83,At Risk
14855,119,2,645.65,At Risk
14856,36,3,1311.3799999999999,Need Attention
14857,60,2,1173.12,Need Attention
14859,13,4,1353.74,Champions
14860,19,1,170.32,New Customer
14861,52,1,125.79,Normal
14862,26,2,841.1999999999999,Potential Loyalist
14863,29,1,266.76,New Customer
14865,7,2,52.2,Normal
14866,11,12,14389.9,Champions
14867,186,3,710.28,At Risk
14868,3,8,2953.59,Champions
14869,9,2,725.7,Potential Loyalist
14870,262,1,327.25,Hibernating
14871,3,4,522.38,Loyal
14873,210,1,519.68,Hibernating
14875,108,2,1465.3200000000002,At Risk
14878,13,9,1485.54,Champions
14880,77,3,706.19,At Risk
14881,20,1,255.4,New Customer
14882,27,2,589.7,Potential Loyalist
14883,19,6,761.59,Loyal
14885,132,1,765.3199999999999,Hibernating
14886,253,1,364.8,Hibernating
14887,79,1,1862.0,Hibernating
14888,207,1,369.2,Hibernating
14889,336,1,135.9,Hibernating
14890,254,1,125.65,Hibernating
14891,148,2,554.38,At Risk
14893,10,2,1237.8500000000001,Potential Loyalist
14894,85,1,655.75,Hibernating
14895,8,20,11138.710000000001,Champions
14896,205,2,468.77000000000004,Normal
14897,8,4,1366.38,Champions
14898,23,6,1303.52,Champions
14901,11,9,1421.29,Champions
14902,26,1,332.66,New Customer
14903,21,5,2810.63,Champions
14904,2,2,1025.44,Potential Loyalist
14905,158,2,616.15,At Risk
14907,3,7,3501.1,Champions
14908,74,1,277.8,Hibernating
14910,3,4,434.35,Potential Loyalist
14911,1,201,143825.06,Champions
14912,17,2,867.85,Potential Loyalist
14913,36,4,1227.43,Loyal
14915,91,2,307.48,Normal
14916,71,4,1268.98,Loyal
14918,116,2,1610.15,At Risk
14920,213,2,977.77,At Risk
14921,30,2,1316.07,Potential Loyalist
14923,51,1,749.1,Normal
14924,246,1,310.05,Hibernating
14929,32,1,223.88,New Customer
14930,109,3,2372.86,At Risk
14931,5,5,1257.68,Champions
14932,366,1,363.53,Hibernating
14934,82,2,1890.94,At Risk
14935,297,1,1784.71,Hibernating
14936,34,8,8137.02,Loyal
14937,57,3,1621.88,Need Attention
14944,30,12,5900.25,Champions
14946,14,1,100.9,New Customer
14947,72,2,290.82,Need Attention
14948,23,6,1101.97,Champions
14950,19,1,371.2,New Customer
14951,79,1,311.69,Hibernating
14952,60,11,8099.49,Loyal
14953,25,1,289.82,New Customer
14954,12,1,336.17,New Customer
14957,253,1,58.49,Hibernating
14958,147,3,499.68,At Risk
14959,64,4,695.42,Loyal
14960,8,2,221.27,Normal
14961,11,9,7044.68,Champions
14962,271,1,126.7,Hibernating
14963,10,5,1487.8,Champions
14964,247,1,206.21,Hibernating
14965,96,2,599.0,At Risk
14966,15,1,191.32,New Customer
14967,50,1,463.8,Normal
14968,30,1,147.59,New Customer
14970,68,4,1592.06,Loyal
14971,35,3,1116.57,Need Attention
14972,128,1,114.77,Hibernating
14973,107,3,1314.45,At Risk
14974,37,1,114.39,Normal
14975,57,1,279.94,Normal
14976,57,7,790.86,Loyal
14978,72,5,1931.42,Loyal
14981,246,1,102.12,Hibernating
14984,19,2,213.27,Normal
14985,198,2,296.75,Normal
14987,16,2,326.4,Potential Loyalist
14988,212,1,334.54,Hibernating
14995,39,2,233.23000000000002,Normal
14997,46,3,546.1999999999999,Need Attention
14998,170,2,429.87,Normal
15000,48,1,490.52,Normal
15002,116,4,1641.76,At Risk
15004,147,1,1246.32,Hibernating
15005,16,28,6316.57,Champions
15006,51,1,502.09,Normal
15007,159,1,156.91,Hibernating
15009,12,3,1261.78,Potential Loyalist
15010,36,1,308.94,Normal
15012,54,2,423.04,Need Attention
15014,43,2,260.17,Need Attention
15016,173,1,170.04,Hibernating
15017,34,1,125.58,Normal
15018,39,3,496.21000000000004,Need Attention
15019,267,1,266.0,Hibernating
15021,9,9,1914.82,Champions
15022,12,4,905.04,Loyal
15023,3,11,6802.76,Champions
15024,10,10,1661.33,Champions
15025,33,1,377.01,New Customer
15026,80,3,469.0,Normal
15027,31,4,1066.1499999999999,Champions
15028,8,4,627.13,Loyal
15030,72,2,518.28,Need Attention
15031,4,4,668.14,Loyal
15032,256,3,4959.1,At Risk
15033,5,10,2586.67,Champions
15034,16,8,4308.61,Champions
15035,90,1,252.73000000000002,Hibernating
15036,72,3,465.55,Need Attention
15038,59,6,705.49,Loyal
15039,10,47,19914.44,Champions
15041,170,1,180.35,Hibernating
15042,199,1,135.93,Hibernating
15043,31,1,537.0,New Customer
15044,19,17,7700.2300000000005,Champions
15045,152,2,735.66,At Risk
15046,9,15,5213.7699999999995,Champions
15047,270,1,343.62,Hibernating
15048,65,4,384.05,Need Attention
15049,274,1,121.17000000000002,Hibernating
15050,25,3,1782.09,Potential Loyalist
15051,23,3,1391.61,Potential Loyalist
15052,319,1,215.78,Hibernating
15053,5,3,697.79,Potential Loyalist
15054,12,2,302.1,Potential Loyalist
15057,275,2,1489.5,At Risk
15058,25,11,2124.9900000000002,Champions
15059,41,9,1337.72,Loyal
15060,8,4,303.09,Potential Loyalist
15061,4,48,54534.14,Champions
15062,71,4,987.86,Loyal
15063,213,1,370.79999999999995,Hibernating
15065,38,4,3158.13,Loyal
15066,53,1,893.59,Normal
15067,78,3,1744.76,At Risk
15068,46,2,553.36,Need Attention
15069,179,1,1109.53,Hibernating
15070,373,1,106.2,Hibernating
15071,94,2,982.07,At Risk
15073,10,3,1043.41,Potential Loyalist
15074,105,1,748.87,Hibernating
15075,78,1,773.03,Hibernating
15076,173,1,880.85,Hibernating
15078,7,32,9743.11,Champions
15079,213,4,895.61,At Risk
15081,22,5,504.8,Loyal
15083,257,1,88.2,Hibernating
15087,282,1,306.94,Hibernating
15088,21,2,1160.07,Potential Loyalist
15089,10,6,2420.84,Champions
15090,308,1,381.32,Hibernating
15091,68,1,480.71,Normal
15092,215,2,457.81,Normal
15093,18,6,4597.02,Champions
15095,104,4,1370.6,At Risk
15096,43,1,219.39000000000001,Normal
15097,4,1,248.08,New Customer
15098,182,3,39916.5,At Risk
15099,84,1,410.48,Hibernating
15100,334,3,876.0,At Risk
15101,9,2,317.53,Potential Loyalist
15103,31,2,703.36,Potential Loyalist
15104,197,2,1027.44,At Risk
15105,18,7,2298.93,Champions
15106,18,5,1422.52,Champions
15107,311,6,319.5,Normal
15108,142,4,1300.25,At Risk
15109,246,1,484.95,Hibernating
15110,24,4,996.1,Champions
15111,29,3,1567.48,Potential Loyalist
15113,10,3,3609.33,Potential Loyalist
15114,30,10,2760.56,Champions
15115,18,1,340.11,New Customer
15116,18,4,1352.75,Champions
15117,15,5,1551.78,Champions
15118,134,1,244.8,Hibernating
15119,246,1,266.4,Hibernating
15120,134,1,358.82,Hibernating
15121,50,2,457.72,Need Attention
15122,114,3,1633.78,At Risk
15123,7,2,2199.31,Potential Loyalist
15124,23,2,184.19,Normal
15125,25,15,11528.48,Champions
15127,66,1,406.53,Normal
15128,60,4,1471.0,Loyal
15129,50,11,3447.4,Loyal
15130,170,1,330.11,Hibernating
15132,18,5,977.9300000000001,Champions
15133,128,3,982.42,At Risk
15134,15,8,1387.99,Champions
15135,239,1,139.05,Hibernating
15136,3,4,1286.7,Champions
15139,240,2,178.96,Normal
15140,52,7,2354.25,Loyal
15142,46,1,498.74,Normal
15143,226,1,259.45,Hibernating
15144,8,17,6580.44,Champions
15145,4,4,1194.73,Champions
15146,165,2,1327.16,At Risk
15147,240,1,623.5,Hibernating
15148,11,1,301.29,New Customer
15149,134,1,520.8000000000001,Hibernating
15150,17,10,5314.47,Champions
15152,10,13,4745.69,Champions
15153,31,1,329.25,New Customer
15154,75,1,296.42,Hibernating
15156,1,3,961.49,Potential Loyalist
15157,4,3,1936.07,Potential Loyalist
15158,45,1,401.40000000000003,Normal
15159,2,30,18641.010000000002,Champions
15160,357,1,158.16,Hibernating
15163,18,2,304.47,Potential Loyalist
15164,69,3,843.05,Need Attention
15165,373,1,487.75,Hibernating
15167,321,1,163.0,Hibernating
15168,26,1,106.56,New Customer
15171,331,1,1289.5,Hibernating
15172,9,5,1624.05,Champions
15174,323,1,135.75,Hibernating
15175,72,1,224.14,Normal
15178,260,1,40.5,Hibernating
15179,18,5,2206.95,Champions
15180,367,1,87.5,Hibernating
15181,66,3,689.4799999999999,Need Attention
15182,154,2,622.85,At Risk
15184,29,2,406.76,Potential Loyalist
15185,70,1,310.62,Normal
15186,14,2,411.41,Potential Loyalist
15187,2,16,4777.18,Champions
15189,1,41,16225.39,Champions
15192,120,3,1044.32,At Risk
15193,61,1,499.32,Normal
15194,3,15,7616.53,Champions
15195,3,1,3861.0,New Customer
15197,11,3,1079.6100000000001,Potential Loyalist
15198,92,2,193.64,Normal
15199,59,4,1268.7,Loyal
15201,87,5,1236.54,At Risk
15203,26,6,1827.8,Champions
15204,357,1,316.58,Hibernating
15205,85,2,653.24,At Risk
15206,10,4,420.29999999999995,Potential Loyalist
15208,1,5,870.12,Loyal
15210,225,1,331.18,Hibernating
15211,60,2,894.4100000000001,Need Attention
15212,241,1,101.8,Hibernating
15213,319,2,328.35,Normal
15214,2,8,1661.44,Champions
15215,47,3,734.94,Need Attention
15216,88,1,96.6,Hibernating
15218,11,11,5756.89,Champions
15219,176,1,305.75,Hibernating
15220,52,6,1778.96,Loyal
15221,366,1,403.25,Hibernating
15222,319,1,585.0,Hibernating
15223,226,2,755.75,At Risk
15224,358,2,322.08,Normal
15225,234,1,409.40000000000003,Hibernating
15226,311,1,154.41,Hibernating
15227,37,5,1219.4,Loyal
15228,66,4,3386.71,Loyal
15230,239,2,429.6,Normal
15232,113,2,612.06,At Risk
15234,277,1,197.0,Hibernating
15235,218,12,2247.51,Can't Lose
15236,299,1,321.05,Hibernating
15237,2,4,1412.32,Champions
15238,29,3,1071.99,Potential Loyalist
15239,10,2,780.59,Potential Loyalist
15240,45,5,1706.57,Loyal
15241,67,8,1756.44,Loyal
15243,74,1,316.68,Hibernating
15244,65,2,631.57,Need Attention
15245,134,3,2515.84,At Risk
15246,238,2,514.15,At Risk
15247,122,1,356.0,Hibernating
15249,32,13,6688.46,Champions
15251,9,11,10484.99,Champions
15252,36,2,740.78,Need Attention
15253,16,5,918.1999999999999,Loyal
15254,127,1,300.36,Hibernating
15255,67,1,890.85,Normal
15256,149,1,98.45,Hibernating
15257,283,1,317.15,Hibernating
15258,169,2,623.16,At Risk
15260,100,7,1810.77,At Risk
15261,135,1,254.82,Hibernating
15262,324,1,178.95000000000002,Hibernating
15263,107,1,156.51,Hibernating
15264,64,1,393.74,Normal
15265,151,2,1506.1200000000001,At Risk
15266,338,1,119.3,Hibernating
15267,22,5,1717.36,Champions
15269,24,1,408.8,New Customer
15270,16,7,2379.49,Champions
15271,7,15,2507.07,Champions
15272,57,2,721.94,Need Attention
15274,4,2,716.57,Potential Loyalist
15275,38,1,615.14,Normal
15276,66,1,135.31,Normal
15277,47,1,255.89999999999998,Normal
15279,355,1,290.51,Hibernating
15280,172,1,113.12,Hibernating
15281,59,9,2332.15,Loyal
15286,50,1,240.55,Normal
15287,22,2,486.69,Potential Loyalist
15288,43,5,2306.52,Loyal
15289,29,3,939.78,Potential Loyalist
15290,5,18,7943.22,Champions
15291,26,15,4668.3,Champions
15292,201,1,180.94,Hibernating
15296,51,6,3672.86,Loyal
15297,10,3,641.94,Potential Loyalist
15298,2,12,4799.9,Champions
15299,67,7,4507.01,Loyal
15300,64,1,496.44,Normal
15301,51,12,5070.35,Loyal
15303,290,1,574.02,Hibernating
15304,61,8,694.4000000000001,Loyal
15306,64,3,1174.35,Need Attention
15307,96,1,205.3,Hibernating
15308,274,1,310.47,Hibernating
15311,1,91,60767.9,Champions
15312,75,4,924.85,At Risk
15313,110,1,52.0,Hibernating
15314,199,1,327.97,Hibernating
15315,64,2,570.5,Need Attention
15316,327,1,165.0,Hibernating
15318,4,1,312.62,New Customer
15319,284,1,204.5,Hibernating
15320,44,1,267.13,Normal
15321,71,3,2748.31,Need Attention
15322,86,1,679.68,Hibernating
15325,104,1,162.29,Hibernating
15326,334,1,311.71,Hibernating
15327,53,1,208.75,Normal
15329,39,3,1049.7,Need Attention
15330,32,2,714.96,Potential Loyalist
15332,366,4,1661.06,Can't Lose
15333,208,1,1028.56,Hibernating
15334,157,3,351.67,Normal
15335,54,1,173.97,Normal
15339,66,2,574.07,Need Attention
15341,81,1,2020.52,Hibernating
15342,130,1,406.09,Hibernating
15343,87,1,364.5,Hibernating
15344,1,3,563.94,Potential Loyalist
15345,46,1,393.54,Normal
15346,333,1,252.42000000000002,Hibernating
15347,366,1,201.60000000000002,Hibernating
15348,72,1,158.04,Normal
15349,158,2,473.81,Normal
15350,373,1,115.65,Hibernating
15351,12,7,1960.1100000000001,Champions
15353,255,2,777.02,At Risk
15355,29,2,277.05,Potential Loyalist
15356,31,10,2766.5,Champions
15358,5,22,8347.2,Champions
15360,40,1,427.93,Normal
15361,362,1,418.92,Hibernating
15363,373,1,326.0,Hibernating
15364,96,2,913.19,At Risk
15365,26,7,2314.32,Champions
15366,75,2,602.51,At Risk
15367,57,4,1877.59,Loyal
15368,21,1,446.94000000000005,New Customer
15370,41,7,2386.05,Loyal
15372,137,1,2007.3999999999999,Hibernating
15373,8,12,2415.91,Champions
15374,129,1,168.0,Hibernating
15376,40,3,1233.3600000000001,Need Attention
15379,169,7,3703.29,At Risk
15380,9,5,1690.2600000000002,Champions
15381,214,2,596.85,At Risk
15382,15,6,5955.71,Champions
15384,170,2,642.41,At Risk
15385,40,1,316.88,Normal
15386,186,1,394.14,Hibernating
15388,270,1,140.54,Hibernating
15389,172,1,500.0,Hibernating
15392,5,4,1535.53,Champions
15393,16,2,231.86,Normal
15394,10,4,2183.54,Champions
15395,326,1,107.45,Hibernating
15396,113,1,288.18,Hibernating
15397,290,1,94.0,Hibernating
15398,16,2,1345.53,Potential Loyalist
15399,1,3,815.77,Potential Loyalist
15400,92,5,716.2,At Risk
15402,149,2,626.77,At Risk
15405,189,1,349.1,Hibernating
15406,31,2,510.71000000000004,Potential Loyalist
15407,34,4,1056.44,Loyal
15408,264,1,267.18,Hibernating
15410,84,8,3450.84,At Risk
15411,26,4,1358.88,Champions
15412,171,1,190.53,Hibernating
15414,10,3,774.9000000000001,Potential Loyalist
15415,313,1,572.8100000000001,Hibernating
15416,65,4,3984.32,Loyal
15417,85,1,508.8,Hibernating
15419,25,1,135.86,New Customer
15421,59,4,950.36,Loyal
15422,323,2,97.7,Normal
15423,38,1,43.5,Normal
15424,254,2,383.34,Normal
15426,19,5,1447.39,Champions
15427,33,3,1483.14,Potential Loyalist
15428,15,1,93.78,New Customer
15429,27,2,397.35,Potential Loyalist
15432,23,1,171.19,New Customer
15433,214,2,533.3,At Risk
15434,8,5,1041.48,Champions
15435,22,1,149.29,New Customer
15436,12,3,1122.53,Potential Loyalist
15437,262,1,200.16,Hibernating
15438,131,1,156.57999999999998,Hibernating
15440,55,3,383.68,Need Attention
15442,249,1,594.0,Hibernating
15443,2,7,3236.91,Champions
15444,9,2,1418.26,Potential Loyalist
15445,264,1,113.5,Hibernating
15447,331,1,155.17,Hibernating
15448,313,1,494.64,Hibernating
15449,26,3,974.52,Potential Loyalist
15450,30,1,429.84,New Customer
15452,30,3,538.73,Potential Loyalist
15453,2,7,1388.37,Champions
15454,362,1,179.1,Hibernating
15456,283,3,447.22,Normal
15457,262,1,237.07,Hibernating
15458,25,1,161.64,New Customer
15460,354,1,216.76,Hibernating
15462,94,3,234.6,Normal
15463,29,1,126.14,New Customer
15464,338,1,1048.85,Hibernating
15465,20,18,7354.62,Champions
15466,85,1,334.53,Hibernating
15467,9,3,524.88,Potential Loyalist
15468,51,2,467.51,Need Attention
15469,50,2,538.55,Need Attention
15471,2,1,469.48,New Customer
15472,113,1,371.56,Hibernating
15473,14,7,1771.2,Champions
15475,77,1,454.10999999999996,Hibernating
15478,40,2,1441.42,Need Attention
15480,116,1,905.5,Hibernating
15482,16,12,11054.96,Champions
15483,161,4,233.81,Normal
15484,1,4,3594.31,Champions
15485,30,3,2575.0,Potential Loyalist
15488,93,1,91.32000000000001,Hibernating
15489,23,3,1134.28,Potential Loyalist
15491,95,6,3100.09,At Risk
15492,28,2,659.4599999999999,Potential Loyalist
15493,33,5,2001.8,Champions
15494,21,2,1299.23,Potential Loyalist
15497,18,2,1262.2,Potential Loyalist
15498,3,27,13316.4,Champions
15500,8,4,1131.56,Champions
15502,16,12,10384.93,Champions
15503,363,1,147.09,Hibernating
15504,81,1,52.83,Hibernating
15505,53,5,3610.96,Loyal
15506,23,3,979.26,Potential Loyalist
15507,172,1,492.36,Hibernating
15508,189,6,1000.27,Can't Lose
15510,331,1,250.0,Hibernating
15511,12,5,909.23,Loyal
15512,156,2,121.0,Normal
15513,33,19,14758.220000000001,Champions
15514,12,11,4139.46,Champions
15516,45,3,62.43,Normal
15517,233,1,267.03,Hibernating
15518,64,8,1942.45,Loyal
15520,2,1,343.5,New Customer
15521,40,8,3000.2,Loyal
15522,33,2,398.84,Potential Loyalist
15523,84,1,412.01000000000005,Hibernating
15524,25,1,440.0,New Customer
15525,2,3,825.92,Potential Loyalist
15526,33,2,148.44,Normal
15527,19,8,2429.78,Champions
15528,254,1,229.33,Hibernating
15529,23,11,3995.23,Champions
15530,22,4,1502.35,Champions
15531,8,2,2007.44,Potential Loyalist
15532,25,4,1580.93,Champions
15533,19,3,807.57,Potential Loyalist
15535,173,4,536.4,At Risk
15537,163,1,110.92,Hibernating
15539,7,1,538.46,New Customer
15540,11,1,213.3,New Customer
15541,114,1,85.13000000000001,Hibernating
15543,288,1,127.86,Hibernating
15544,9,9,3546.71,Champions
15545,54,2,292.71999999999997,Need Attention
15547,7,14,4954.84,Champions
15549,77,3,1693.26,At Risk
15550,4,4,575.63,Loyal
15551,37,1,436.06,Normal
15552,217,1,90.12,Hibernating
15553,60,1,437.23,Normal
15554,278,1,217.2,Hibernating
15555,12,16,4805.17,Champions
15556,24,1,279.77,New Customer
15557,29,1,473.65000000000003,New Customer
15561,12,4,800.59,Loyal
15562,352,1,134.55,Hibernating
15563,22,4,1400.44,Champions
15565,50,2,173.16,Normal
15567,19,1,186.01,New Customer
15568,3,3,758.29,Potential Loyalist
15569,104,5,1375.71,At Risk
15570,7,12,4165.52,Champions
15571,12,4,650.4300000000001,Loyal
15572,5,7,2552.86,Champions
15573,32,2,607.45,Potential Loyalist
15574,178,4,702.25,At Risk
15576,38,1,940.6700000000001,Normal
15577,151,3,258.88,Normal
15578,162,1,127.1,Hibernating
15579,69,2,348.6,Need Attention
15581,121,13,3679.9700000000003,At Risk
15582,25,3,682.9100000000001,Potential Loyalist
15584,24,4,725.11,Loyal
15585,177,1,455.3,Hibernating
15587,50,4,913.6800000000001,Loyal
15589,256,3,478.53000000000003,Normal
15592,47,1,388.58,Normal
15593,71,1,199.8,Normal
15594,16,5,1771.78,Champions
15596,101,5,1406.59,At Risk
15597,35,1,324.57,Normal
15598,53,1,240.68,Normal
15599,27,2,761.74,Potential Loyalist
15601,11,14,6776.56,Champions
15602,8,9,1297.8700000000001,Champions
15603,79,1,48.480000000000004,Hibernating
15604,52,1,216.39,Normal
15605,36,5,1198.23,Loyal
15606,61,9,2920.16,Loyal
15607,337,1,104.76,Hibernating
15608,28,4,1093.68,Champions
15609,184,1,298.48,Hibernating
15610,52,1,112.46000000000001,Normal
15611,10,13,1591.45,Champions
15612,36,2,195.15,Normal
15615,10,23,10399.74,Champions
15618,33,4,776.851,Loyal
15619,11,1,336.40000000000003,New Customer
15620,57,3,1553.18,Need Attention
15621,4,4,1293.03,Champions
15622,43,9,3709.56,Loyal
15623,141,1,301.03,Hibernating
15624,117,4,588.13,At Risk
15625,104,4,1534.26,At Risk
15626,75,2,675.8,At Risk
15628,5,9,2870.2400000000002,Champions
15630,45,2,1186.35,Need Attention
15632,16,8,3285.31,Champions
15634,17,1,243.55,New Customer
15636,90,2,724.76,At Risk
15637,53,1,223.36,Normal
15639,134,1,425.32,Hibernating
15640,4,15,12515.66,Champions
15641,105,4,1887.2,At Risk
15643,192,3,664.0,At Risk
15644,166,4,813.0,At Risk
15645,19,1,612.01,New Customer
15646,158,3,447.64000000000004,Normal
15648,204,2,657.35,At Risk
15649,336,2,816.0,At Risk
15651,37,3,646.3,Need Attention
15652,91,1,337.74,Hibernating
15653,93,2,877.4399999999999,At Risk
15654,9,2,922.53,Potential Loyalist
15655,243,1,560.67,Hibernating
15656,45,4,748.5,Loyal
15657,23,1,30.0,New Customer
15658,190,5,1024.1000000000001,Can't Lose
15659,44,1,306.45,Normal
15660,25,9,1600.86,Champions
15661,317,2,309.8,Normal
15663,106,1,138.14,Hibernating
15664,51,1,386.43,Normal
15665,168,2,2242.01,At Risk
15667,40,1,301.32,Normal
15668,218,1,76.32000000000001,Hibernating
15669,40,4,684.34,Loyal
15670,297,1,173.05,Hibernating
15671,19,7,2657.13,Champions
15673,88,4,2881.02,At Risk
15674,73,5,2446.6,At Risk
15675,81,3,323.69,Normal
15676,19,3,3435.76,Potential Loyalist
15677,49,1,657.23,Normal
15678,53,1,352.7,Normal
15679,24,4,781.28,Loyal
15680,9,3,1333.68,Potential Loyalist
15681,25,5,1426.16,Champions
15683,117,1,193.75,Hibernating
15687,9,9,2993.1,Champions
15689,120,2,254.1,Normal
15690,4,2,239.76,Normal
15691,252,1,136.8,Hibernating
15692,28,1,191.04,New Customer
15694,1,14,6479.4,Champions
15695,267,2,409.98,Normal
15696,33,8,2736.46,Champions
15699,18,1,309.65,New Customer
15700,172,2,696.68,At Risk
15701,2,4,1542.14,Champions
15703,265,1,211.5,Hibernating
15704,140,4,2293.62,At Risk
15705,201,1,143.1,Hibernating
15706,64,4,1060.56,Loyal
15707,35,4,945.58,Loyal
15708,41,7,3364.2400000000002,Loyal
15709,284,1,133.25,Hibernating
15712,9,5,1072.3600000000001,Champions
15713,143,2,356.7,Normal
15714,12,2,330.88,Potential Loyalist
15716,146,4,1118.81,At Risk
15717,234,1,150.3,Hibernating
15719,33,13,5045.61,Champions
15720,24,1,598.73,New Customer
15721,12,1,507.08,New Customer
15722,36,5,2222.56,Loyal
15723,365,1,203.1,Hibernating
15724,201,2,218.25,Normal
15725,15,1,415.25,New Customer
15727,17,7,5178.96,Champions
15729,213,1,85.0,Hibernating
15730,66,3,1120.88,Need Attention
15732,212,2,294.12,Normal
15733,283,1,162.3,Hibernating
15734,115,2,1339.45,At Risk
15737,15,8,1205.1200000000001,Champions
15738,19,16,4812.42,Champions
15739,66,1,449.12,Normal
15740,49,1,154.88,Normal
15743,16,4,784.46,Loyal
15744,78,1,34.8,Hibernating
15745,19,4,1094.59,Champions
15746,134,1,196.88,Hibernating
15747,13,3,974.04,Potential Loyalist
15748,40,1,149.31,Normal
15749,235,3,44534.3,At Risk
15750,3,8,2465.48,Champions
15752,40,7,2637.38,Loyal
15753,305,1,79.2,Hibernating
15754,51,3,458.57,Need Attention
15755,10,6,2364.25,Champions
15756,61,4,532.96,Loyal
15757,66,2,714.42,Need Attention
15758,25,1,205.25,Normal
15759,218,3,253.04,Normal
15762,65,2,583.75,Need Attention
15763,32,2,1086.92,Potential Loyalist
15764,88,6,3279.97,At Risk
15766,64,1,315.06,Need Attention
15768,116,3,621.8299999999999,At Risk
15769,7,26,56252.72,Champions
15773,6,1,635.6800000000001,Potential Loyalist
15774,69,1,270.8,Need Attention
15775,245,1,104.9,Hibernating
15776,133,1,241.62,Hibernating
15777,241,4,1047.11,Can't Lose
15780,184,3,475.28000000000003,Normal
15781,25,3,345.46,Potential Loyalist
15782,10,3,2614.7400000000002,Champions
15783,11,1,246.3,Normal
15785,33,5,2328.9700000000003,Champions
15786,46,3,4932.2,Loyal
15787,26,3,948.05,Champions
15789,358,1,351.3,Hibernating
15790,10,1,220.85,Normal
15791,44,2,1612.69,Need Attention
15793,15,3,965.61,Champions
15795,150,1,610.01,Hibernating
15796,1,8,2711.56,Champions
15797,113,4,2207.4,At Risk
15799,76,3,884.14,At Risk
15800,107,2,699.08,At Risk
15801,46,3,1063.95,Loyal
15802,143,1,451.42,Hibernating
15803,51,1,415.82000000000005,Need Attention
15804,1,13,4206.39,Champions
15805,23,17,5528.4800000000005,Champions
15806,46,3,784.58,Loyal
15807,50,3,903.9,Loyal
15808,306,4,3734.9700000000003,Can't Lose
15809,36,5,515.77,Loyal
15810,79,4,1391.98,At Risk
15811,22,6,2218.62,Champions
15812,107,5,1801.14,At Risk
15813,208,2,1303.9099999999999,At Risk
15814,17,4,1945.33,Champions
15815,64,5,2100.6,Loyal
15819,49,4,1905.45,Loyal
15820,320,1,206.98,Hibernating
15821,44,2,570.96,Need Attention
15822,3,2,885.47,Potential Loyalist
15823,372,1,15.0,Hibernating
15825,172,1,532.94,Hibernating
15826,56,3,1654.31,Loyal
15827,73,14,1836.0900000000001,At Risk
15829,99,2,636.14,At Risk
15830,38,1,576.0,Need Attention
15831,58,3,801.76,Loyal
15832,254,1,836.79,Hibernating
15834,70,4,2233.75,Loyal
15835,44,4,954.09,Loyal
15836,50,1,137.37,Normal
15837,65,1,391.98,Need Attention
15838,11,19,33643.08,Champions
15839,33,3,1048.49,Champions
15840,59,2,355.56,Need Attention
15841,73,4,1224.06,At Risk
15843,304,1,118.95000000000002,Hibernating
15844,46,1,130.73999999999998,Normal
15845,18,8,3711.77,Champions
15847,38,2,389.27,Need Attention
15850,19,2,238.85,Normal
15852,187,2,160.71,Normal
15853,52,1,110.8,Normal
15854,4,12,2974.65,Champions
15855,137,5,712.24,At Risk
15856,4,27,16387.57,Champions
15857,19,1,297.0,Potential Loyalist
15858,16,5,1438.85,Champions
15860,41,8,977.21,Loyal
15861,12,8,3165.36,Champions
15862,8,4,832.88,Loyal
15863,26,2,68.84,Normal
15864,22,6,1936.3200000000002,Champions
15865,41,3,895.13,Loyal
15866,101,1,230.53,Hibernating
15867,5,15,3812.64,Champions
15869,277,2,149.64,Normal
15870,33,1,354.09000000000003,Potential Loyalist
15872,15,2,360.93,Potential Loyalist
15874,64,7,4405.88,Loyal
15877,2,2,493.28,Potential Loyalist
15880,369,1,343.28000000000003,Hibernating
15881,312,5,501.39000000000004,At Risk
15882,199,4,516.36,At Risk
15883,2,2,396.48,Potential Loyalist
15885,93,3,379.35,Normal
15886,60,1,181.09,Normal
15888,81,1,168.31,Hibernating
15889,157,2,446.87,Normal
15891,227,1,524.52,Hibernating
15894,253,2,263.55,Normal
15895,150,1,179.17,Hibernating
15897,194,2,222.05,Normal
15898,1,5,1388.88,Champions
15899,369,1,56.25,Hibernating
15900,24,1,351.11,Potential Loyalist
15901,17,3,363.88,Potential Loyalist
15903,10,7,5126.76,Champions
15904,8,1,164.68,Normal
15906,20,7,1567.69,Champions
15907,4,3,967.45,Champions
15909,174,1,191.94,Hibernating
15910,1,8,1232.18,Champions
15912,178,2,264.62,Normal
15916,16,8,1528.09,Champions
15917,248,1,123.1,Hibernating
15918,191,2,334.23,Normal
15919,20,2,639.89,Potential Loyalist
15920,154,4,167.5,Normal
15921,173,1,336.03000000000003,Hibernating
15922,373,1,369.5,Hibernating
15923,373,1,127.08,Hibernating
15925,194,1,207.15,Hibernating
15930,67,1,426.63,Need Attention
15932,4,8,2495.87,Champions
15933,21,3,1107.46,Champions
15935,239,2,416.86,Normal
15937,64,1,145.35,Normal
15938,112,5,404.58,Normal
15939,90,15,6115.01,At Risk
15940,311,1,35.8,Hibernating
15942,134,1,337.44,Hibernating
15944,277,1,325.1,Hibernating
15945,365,1,181.0,Hibernating
15947,83,1,1708.24,Hibernating
15948,8,2,955.24,Potential Loyalist
15949,17,2,364.72,Potential Loyalist
15950,32,4,1765.51,Champions
15951,9,2,708.22,Potential Loyalist
15952,34,4,806.57,Loyal
15953,15,8,1659.3799999999999,Champions
15955,24,14,4416.26,Champions
15957,32,1,428.89,Potential Loyalist
15958,74,1,104.35,Hibernating
15963,20,2,470.76,Potential Loyalist
15965,17,4,845.64,Loyal
15967,23,2,418.83,Potential Loyalist
15969,3,3,666.1,Loyal
15970,304,1,314.1,Hibernating
15971,18,12,4199.85,Champions
15973,367,1,307.82000000000005,Hibernating
15974,39,7,3442.15,Loyal
15975,84,1,371.01,Hibernating
15976,165,2,430.94,Normal
15977,17,2,1054.73,Potential Loyalist
15978,77,1,1098.78,Hibernating
15980,89,3,2398.86,At Risk
15981,25,8,3408.48,Champions
15983,22,4,1475.02,Champions
15984,3,10,2837.67,Champions
15985,123,2,1142.42,At Risk
15986,30,1,168.12,Normal
15987,12,7,1451.28,Champions
15988,19,1,158.03,Normal
15990,44,2,792.11,Need Attention
15992,4,1,41.989999999999995,Normal
15993,9,7,2797.57,Champions
15994,55,1,427.07,Need Attention
15996,88,6,1060.68,At Risk
15998,37,5,3089.97,Loyal
16000,3,3,12393.7,Champions
16003,30,5,2735.37,Champions
16005,12,4,615.39,Loyal
16006,211,1,101.4,Hibernating
16007,48,4,1701.94,Loyal
16008,24,3,478.78,Potential Loyalist
16009,22,4,992.71,Champions
16010,246,3,407.5,Normal
16011,8,16,3362.71,Champions
16012,35,3,1415.29,Loyal
16013,4,47,37130.6,Champions
16014,38,3,662.38,Loyal
16015,4,3,705.39,Loyal
16016,3,8,1508.76,Champions
16017,47,1,211.88,Normal
16018,39,2,408.90000000000003,Need Attention
16019,47,9,3786.2400000000002,Loyal
16020,17,3,851.01,Loyal
16022,260,1,628.28,Hibernating
16023,46,3,719.81,Loyal
16024,12,1,251.24,Potential Loyalist
16025,30,1,439.65999999999997,Potential Loyalist
16026,43,1,236.09,Normal
16027,92,6,934.62,At Risk
16029,39,63,81024.84,Loyal
16030,310,1,331.24,Hibernating
16031,92,2,548.94,At Risk
16033,6,20,8816.4,Champions
16034,196,3,437.7,Normal
16036,87,2,758.92,At Risk
16037,270,3,855.02,At Risk
16038,8,3,471.78000000000003,Potential Loyalist
16040,65,3,1313.55,Loyal
16041,31,3,3166.4,Champions
16042,22,5,1197.27,Champions
16043,38,4,773.99,Loyal
16045,120,4,1340.7,At Risk
16048,373,2,256.44,Normal
16049,40,3,1111.79,Loyal
16050,174,1,137.9,Hibernating
16052,54,1,362.06,Need Attention
16053,33,2,1511.95,Potential Loyalist
16054,145,1,783.9,Hibernating
16055,221,1,134.8,Hibernating
16056,45,1,664.85,Need Attention
16057,16,7,2263.12,Champions
16059,66,6,1459.8600000000001,Loyal
16062,10,4,1153.62,Champions
16063,260,1,335.32,Hibernating
16065,365,1,372.09,Hibernating
16066,17,5,1521.87,Champions
16070,22,2,852.15,Potential Loyalist
16071,45,1,326.24,Need Attention
16072,288,1,584.3199999999999,Hibernating
16073,297,1,122.39999999999999,Hibernating
16076,3,10,2234.73,Champions
16078,284,1,79.2,Hibernating
16079,17,3,1352.0,Champions
16080,82,2,217.16,Normal
16081,56,5,2806.9,Loyal
16083,101,2,1317.62,At Risk
16084,299,1,436.18,Hibernating
16085,23,5,981.51,Champions
16086,59,5,1121.39,Loyal
16091,155,2,315.06,Normal
16092,115,3,817.86,At Risk
16093,107,1,17.0,Hibernating
16094,12,4,1078.23,Champions
16096,264,1,320.62,Hibernating
16097,240,1,185.04999999999998,Hibernating
16098,88,7,2005.63,At Risk
16099,50,3,731.9,Loyal
16101,71,1,1290.7,Need Attention
16102,42,3,1842.14,Loyal
16103,7,6,1429.64,Champions
16104,62,1,302.36,Need Attention
16105,249,1,336.96,Hibernating
16106,66,1,108.38,Normal
16107,18,7,3204.1600000000003,Champions
16108,85,1,842.5,Hibernating
16109,219,2,611.88,At Risk
16110,45,3,1337.48,Loyal
16112,143,4,195.73999999999998,Normal
16113,183,1,161.38,Hibernating
16114,171,1,135.75000000000003,Hibernating
16115,10,8,1667.97,Champions
16116,212,1,612.78,Hibernating
16117,190,1,232.21,Hibernating
16119,8,2,423.36,Potential Loyalist
16120,59,4,1309.14,Loyal
16121,57,2,867.11,Need Attention
16122,73,4,684.4200000000001,At Risk
16123,52,1,307.78,Need Attention
16124,317,1,249.0,Hibernating
16125,367,1,289.35,Hibernating
16126,29,4,6287.77,Champions
16127,39,1,656.25,Need Attention
16128,18,5,1880.22,Champions
16131,52,6,3506.54,Loyal
16133,4,33,14589.04,Champions
16134,22,2,618.09,Potential Loyalist
16135,263,1,517.55,Hibernating
16136,60,3,709.38,Loyal
16139,19,3,635.41,Loyal
16140,66,2,725.18,Need Attention
16141,88,1,620.4,Hibernating
16142,250,1,535.34,Hibernating
16143,3,6,2424.94,Champions
16144,247,1,175.2,Hibernating
16145,9,11,3799.4900000000002,Champions
16146,157,3,734.13,At Risk
16147,134,1,375.0,Hibernating
16148,296,1,76.32000000000001,Hibernating
16149,5,2,280.52,Potential Loyalist
16150,43,5,2053.02,Loyal
16152,269,1,1829.04,Hibernating
16153,50,5,1824.23,Loyal
16156,9,9,3122.04,Champions
16157,16,3,656.69,Loyal
16159,282,1,348.2,Hibernating
16160,65,2,1025.44,Need Attention
16161,2,19,5575.56,Champions
16162,252,1,37.4,Hibernating
16163,232,2,856.6,At Risk
16164,17,3,822.48,Loyal
16168,11,27,3787.6,Champions
16169,8,4,1822.97,Champions
16170,51,6,1885.05,Loyal
16171,59,1,73.2,Normal
16172,95,5,1140.21,At Risk
16173,16,6,1418.32,Champions
16174,126,3,1009.5500000000001,At Risk
16175,94,4,1037.59,At Risk
16177,50,1,331.95,Need Attention
16178,138,1,197.9,Hibernating
16179,61,1,215.83,Normal
16180,100,8,10254.18,At Risk
16181,73,1,305.54,Hibernating
16182,72,4,6617.65,Loyal
16183,67,1,338.71000000000004,Need Attention
16184,64,6,1158.79,Loyal
16185,17,2,529.41,Potential Loyalist
16186,23,12,4006.94,Champions
16187,32,15,6911.4400000000005,Champions
16188,45,4,981.86,Loyal
16189,16,2,215.48,Normal
16190,40,1,215.08,Normal
16191,3,13,5180.52,Champions
16193,237,1,314.45,Hibernating
16198,75,1,400.68100000000004,Hibernating
16200,4,2,1080.6200000000001,Potential Loyalist
16201,3,4,1863.47,Champions
16202,361,1,365.27,Hibernating
16203,59,4,592.9,Loyal
16204,23,1,405.71,Potential Loyalist
16205,31,4,761.38,Loyal
16206,55,4,537.0600000000001,Loyal
16207,25,1,394.38,Potential Loyalist
16208,45,2,664.26,Need Attention
16209,89,5,2262.62,At Risk
16210,2,18,21086.3,Champions
16211,89,1,547.02,Hibernating
16212,19,2,690.34,Potential Loyalist
16213,79,1,159.0,Hibernating
16214,171,3,1062.75,At Risk
16215,81,1,242.35,Hibernating
16216,267,1,914.9300000000001,Hibernating
16217,235,2,304.25,Normal
16218,30,7,3084.68,Champions
16221,37,3,864.86,Loyal
16222,318,1,846.72,Hibernating
16224,57,4,1295.3,Loyal
16225,45,5,1096.32,Loyal
16226,203,3,255.12,Normal
16227,225,1,314.22,Hibernating
16229,87,2,1010.6,At Risk
16230,190,2,542.03,At Risk
16232,44,4,990.88,Loyal
16233,71,3,536.6800000000001,Loyal
16235,41,5,867.31,Loyal
16236,78,1,432.2,Hibernating
16239,57,2,414.2,Need Attention
16240,24,2,3718.8,Potential Loyalist
16241,10,13,2607.87,Champions
16242,8,7,3603.21,Champions
16243,34,2,409.1,Need Attention
16244,212,2,1522.75,At Risk
16245,24,3,1413.66,Champions
16247,170,1,114.56,Hibernating
16248,62,1,152.94,Normal
16249,53,5,1800.07,Loyal
16250,261,2,389.44,Normal
16253,67,2,3683.86,Need Attention
16255,17,8,2619.91,Champions
16256,267,1,752.4300000000001,Hibernating
16257,177,1,46.95,Hibernating
16258,45,5,5203.51,Loyal
16260,51,1,1035.45,Need Attention
16261,17,4,746.83,Loyal
16265,9,9,5447.0,Champions
16266,74,7,861.89,At Risk
16268,71,2,667.65,Need Attention
16270,353,1,1141.24,Hibernating
16271,3,5,1429.24,Champions
16272,117,1,411.7,Hibernating
16274,373,1,357.95,Hibernating
16275,197,1,559.87,Hibernating
16276,177,1,810.6000000000001,Hibernating
16278,100,1,566.38,Hibernating
16279,21,3,1509.58,Champions
16281,72,1,2062.06,Need Attention
16282,340,1,168.3,Hibernating
16283,6,5,1570.81,Champions
16284,31,2,823.97,Potential Loyalist
16287,170,1,142.5,Hibernating
16292,122,1,302.25,Hibernating
16293,22,10,2248.9900000000002,Champions
16295,10,4,1328.55,Champions
16297,269,1,301.9,Hibernating
16298,23,3,598.2,Loyal
16302,127,1,233.22,Hibernating
16303,26,3,5360.63,Champions
16305,139,1,361.21999999999997,Hibernating
16306,214,6,632.27,At Risk
16308,38,4,2560.0,Loyal
16309,106,2,706.57,At Risk
16311,18,2,616.26,Potential Loyalist
16313,3,2,274.15000000000003,Potential Loyalist
16315,331,1,226.37,Hibernating
16316,64,8,2938.91,Loyal
16317,120,3,1341.65,At Risk
16318,35,1,328.15,Need Attention
16319,218,1,404.40000000000003,Hibernating
16320,172,2,1038.46,At Risk
16321,72,5,373.65000000000003,Need Attention
16322,1,2,326.75,Potential Loyalist
16323,196,1,207.50000000000003,Hibernating
16324,128,3,428.68,Normal
16325,47,3,594.24,Loyal
16326,6,14,3110.96,Champions
16327,14,6,3844.22,Champions
16330,18,3,251.91,Potential Loyalist
16332,28,7,1593.2,Champions
16333,8,22,26626.8,Champions
16337,37,1,151.05,Normal
16338,157,1,214.79999999999998,Hibernating
16339,284,1,109.95,Hibernating
16340,107,1,549.07,Hibernating
16341,25,4,1971.87,Champions
16342,75,4,322.41,Normal
16343,16,2,370.47999999999996,Potential Loyalist
16344,158,1,101.10000000000001,Hibernating
16345,44,1,575.41,Need Attention
16347,11,2,887.65,Potential Loyalist
16348,32,7,1469.45,Champions
16349,291,1,53.5,Hibernating
16350,21,4,1116.47,Champions
16351,333,1,153.9,Hibernating
16352,18,2,494.44,Potential Loyalist
16353,4,23,6675.71,Champions
16354,63,2,395.8,Need Attention
16356,198,3,211.77,Normal
16357,33,3,658.88,Loyal
16358,1,4,2027.5,Champions
16359,7,9,1750.92,Champions
16360,5,6,3512.53,Champions
16361,10,4,896.66,Loyal
16362,32,5,734.77,Loyal
16363,53,1,109.36000000000001,Normal
16364,12,2,707.04,Potential Loyalist
16365,18,9,1540.42,Champions
16366,19,1,327.3,Potential Loyalist
16367,37,2,804.49,Need Attention
16368,2,2,497.43,Potential Loyalist
16369,18,3,1553.66,Champions
16370,82,4,1320.56,At Risk
16372,33,2,367.93,Potential Loyalist
16374,66,2,473.03000000000003,Need Attention
16376,9,2,987.01,Potential Loyalist
16377,267,1,676.2,Hibernating
16378,247,3,362.95,Normal
16379,4,4,2157.4,Champions
16380,61,1,1780.59,Need Attention
16383,75,2,668.36,At Risk
16384,90,2,584.5,At Risk
16385,60,3,555.89,Loyal
16386,29,2,317.2,Potential Loyalist
16387,323,1,94.36,Hibernating
16389,53,4,1382.07,Loyal
16392,270,1,221.19,Hibernating
16393,2,13,3046.21,Champions
16394,57,5,1555.34,Loyal
16395,61,5,1486.9,Loyal
16398,154,2,1705.8,At Risk
16399,19,2,408.57,Potential Loyalist
16400,95,1,303.93,Hibernating
16401,1,12,4098.32,Champions
16402,265,2,299.6,Normal
16403,312,1,177.5,Hibernating
16404,70,1,443.05,Need Attention
16405,302,2,167.25,Normal
16406,19,1,163.07,Normal
16407,13,10,2126.93,Champions
16409,36,5,2028.88,Loyal
16411,19,2,214.65,Normal
16412,54,1,151.83,Normal
16413,57,1,262.2,Need Attention
16414,22,2,126.25,Normal
16415,44,1,210.35,Normal
16416,27,3,1051.4,Champions
16418,45,3,675.27,Loyal
16419,113,6,972.23,At Risk
16422,17,51,34684.4,Champions
16423,25,1,346.12,Potential Loyalist
16424,191,1,133.56,Hibernating
16425,302,1,302.7,Hibernating
16426,2,10,1908.25,Champions
16427,263,2,241.06,Normal
16429,106,1,284.55,Hibernating
16430,57,1,300.85,Need Attention
16431,213,3,642.81,At Risk
16432,64,1,287.4,Need Attention
16433,28,1,184.26,Normal
16434,29,7,1522.25,Champions
16438,6,5,798.35,Loyal
16440,8,5,3640.67,Champions
16441,67,2,381.2,Need Attention
16442,2,3,616.79,Loyal
16444,46,4,654.67,Loyal
16445,34,1,230.51,Normal
16446,1,2,168472.5,Potential Loyalist
16447,136,1,259.01,Hibernating
16448,198,1,188.89000000000001,Hibernating
16449,198,2,707.69,At Risk
16450,150,1,311.92,Hibernating
16451,88,1,266.97,Hibernating
16454,45,2,6.9,Normal
16455,64,7,1841.18,Loyal
16456,99,5,2158.37,At Risk
16457,218,1,208.36,Hibernating
16458,3,18,3482.7400000000002,Champions
16460,28,3,814.72,Loyal
16461,178,1,151.42,Hibernating
16462,74,3,136.0,Normal
16463,21,4,1422.4,Champions
16464,20,3,1314.68,Champions
16466,34,7,1603.46,Loyal
16468,74,1,74.9,Hibernating
16469,24,4,650.43,Loyal
16470,52,4,762.39,Loyal
16471,275,1,223.95000000000002,Hibernating
16473,165,3,316.11,Normal
16474,7,7,1871.5,Champions
16475,88,4,544.3,At Risk
16477,64,7,2494.46,Loyal
16478,25,3,331.0,Potential Loyalist
16479,10,2,300.83,Potential Loyalist
16480,76,1,769.29,Hibernating
16482,16,1,220.62,Normal
16483,192,1,139.35,Hibernating
16484,174,2,404.3,Normal
16485,77,1,363.65,Hibernating
16488,33,3,498.8,Loyal
16491,47,1,731.5,Need Attention
16493,80,4,1351.63,At Risk
16494,297,1,826.53,Hibernating
16495,3,3,684.41,Loyal
16496,9,3,1599.52,Champions
16497,50,6,2965.69,Loyal
16498,161,2,100.97,Normal
16499,360,2,365.45,Normal
16500,5,6,400.86,Potential Loyalist
16503,107,4,1431.93,At Risk
16504,25,1,484.38,Potential Loyalist
16505,32,1,777.6,Potential Loyalist
16506,20,2,90.30000000000001,Normal
16509,297,1,363.7,Hibernating
16510,372,1,248.1,Hibernating
16511,22,3,950.26,Champions
16513,5,4,874.59,Loyal
16515,52,5,1627.13,Loyal
16516,30,1,101.69999999999999,Normal
16517,277,1,162.7,Hibernating
16518,61,2,484.32,Need Attention
16519,25,2,215.07999999999998,Normal
16520,186,3,1046.57,Can't Lose
16523,2,21,9418.470000000001,Champions
16525,2,26,13027.45,Champions
16526,172,1,290.36,Hibernating
16527,81,1,228.06,Hibernating
16528,4,1,244.41,Normal
16529,190,1,455.25,Hibernating
16531,22,7,1244.59,Champions
16532,18,3,6748.8,Champions
16533,19,3,1095.56,Champions
16535,5,1,593.75,Potential Loyalist
16536,110,1,548.97,Hibernating
16539,3,4,1388.81,Champions
16542,54,1,119.62,Normal
16545,165,1,339.3,Hibernating
16546,291,2,787.15,At Risk
16549,10,10,4154.64,Champions
16550,109,5,2298.97,At Risk
16551,96,3,922.12,At Risk
16552,243,2,379.73,Normal
16553,163,12,5719.82,At Risk
16554,42,3,837.1,Loyal
16555,35,2,285.89,Need Attention
16556,67,7,3313.79,Loyal
16557,24,2,281.85,Potential Loyalist
16558,1,20,8338.49,Champions
16560,27,2,841.41,Potential Loyalist
16561,6,2,511.12,Potential Loyalist
16563,54,1,1077.74,Need Attention
16565,364,1,173.7,Hibernating
16566,15,5,614.66,Loyal
16567,194,2,865.6,At Risk
16569,3,1,124.2,Normal
16570,15,10,3738.4,Champions
16571,27,3,1421.69,Champions
16572,127,3,1009.6,At Risk
16573,85,2,663.61,At Risk
16574,71,1,451.44,Need Attention
16581,183,1,105.84,Hibernating
16582,113,1,313.62,Hibernating
16583,374,1,233.45,Hibernating
16584,80,2,936.08,At Risk
16586,249,1,463.95,Hibernating
16587,232,1,225.15,Hibernating
16589,71,3,459.24,Need Attention
16591,69,1,213.5,Normal
16592,4,16,4113.68,Champions
16593,51,3,330.03,Need Attention
16594,75,1,181.09,Hibernating
16595,61,1,360.16,Need Attention
16596,16,2,250.15,Normal
16597,4,1,90.04,Normal
16598,286,1,145.04999999999998,Hibernating
16600,4,6,813.52,Loyal
16601,41,1,244.79999999999998,Normal
16602,36,1,528.08,Need Attention
16603,75,2,482.47,Normal
16607,18,14,3347.71,Champions
16609,15,7,5493.46,Champions
16610,219,1,75.66,Hibernating
16611,186,1,129.49,Hibernating
16612,33,4,1187.66,Champions
16613,70,1,618.59,Need Attention
16614,183,1,506.19,Hibernating
16616,15,2,500.42,Potential Loyalist
16617,236,1,151.85,Hibernating
16618,31,5,2647.59,Champions
16619,264,1,226.21,Hibernating
16620,4,2,178.96,Normal
16621,52,4,813.48,Loyal
16623,246,1,129.45,Hibernating
16624,81,2,810.5699999999999,At Risk
16625,275,1,333.08,Hibernating
16626,1,17,4413.1,Champions
16627,79,1,322.8,Hibernating
16628,30,5,2188.05,Champions
16629,74,2,417.73,Normal
16633,17,6,2883.1,Champions
16634,223,2,217.9,Normal
16637,32,4,1154.47,Champions
16638,23,10,1680.72,Champions
16639,31,3,1257.51,Champions
16641,106,1,231.10000000000002,Hibernating
16642,5,2,688.33,Potential Loyalist
16643,246,1,487.51,Hibernating
16644,178,2,833.78,At Risk
16647,170,2,214.06,Normal
16648,43,1,290.65999999999997,Need Attention
16650,72,1,518.42,Need Attention
16652,59,7,6773.97,Loyal
16653,16,2,1212.66,Potential Loyalist
16654,141,4,601.27,At Risk
16655,18,6,3794.52,Champions
16656,22,15,8625.8,Champions
16657,10,4,933.62,Loyal
16658,368,1,123.24,Hibernating
16659,189,1,39.12,Hibernating
16660,16,4,1267.6499999999999,Champions
16665,362,1,135.39999999999998,Hibernating
16666,19,1,118.98,Normal
16667,68,2,570.13,Need Attention
16668,15,6,306.71999999999997,Potential Loyalist
16669,24,3,1374.8700000000001,Champions
16670,17,11,4095.9,Champions
16671,28,3,1692.27,Champions
16672,2,20,8134.9400000000005,Champions
16674,55,2,319.61,Need Attention
16676,34,4,1592.1200000000001,Loyal
16678,3,12,3109.99,Champions
16679,366,1,129.75,Hibernating
16680,43,1,183.7,Normal
16681,73,6,1770.34,At Risk
16682,5,5,1028.0,Champions
16684,4,28,66653.56,Champions
16685,61,2,324.24,Need Attention
16686,47,7,3062.83,Loyal
16688,1,4,1260.86,Champions
16689,76,2,422.59999999999997,Normal
16690,72,2,225.57999999999998,Normal
16692,256,2,1276.0,At Risk
16693,69,2,482.01,Need Attention
16696,135,4,657.9000000000001,At Risk
16697,241,1,112.75,Hibernating
16698,227,2,1998.0,At Risk
16700,9,13,5076.55,Champions
16701,9,13,5398.3,Champions
16705,1,20,14034.99,Champions
16706,37,3,531.35,Loyal
16708,46,1,656.63,Need Attention
16709,85,5,3029.87,At Risk
16710,19,10,2483.04,Champions
16711,3,5,1651.03,Champions
16712,9,11,3645.43,Champions
16713,19,15,6923.13,Champions
16714,219,3,1161.53,Can't Lose
16715,78,1,301.71999999999997,Hibernating
16716,267,2,901.2,At Risk
16717,24,6,3858.38,Champions
16718,369,1,623.75,Hibernating
16719,15,7,1790.42,Champions
16720,26,1,155.24,Normal
16721,262,1,292.47,Hibernating
16722,17,13,4730.81,Champions
16723,91,2,589.15,At Risk
16725,302,7,781.02,At Risk
16726,26,5,1382.02,Champions
16727,364,1,272.82,Hibernating
16728,46,4,1054.67,Loyal
16729,38,21,7239.92,Loyal
16730,52,3,743.11,Loyal
16732,32,1,603.75,Potential Loyalist
16734,52,3,650.51,Loyal
16735,79,5,2300.56,At Risk
16737,53,1,417.59999999999997,Need Attention
16738,298,1,3.75,Hibernating
16739,177,1,323.0,Hibernating
16742,47,1,464.9,Need Attention
16743,29,7,2238.09,Champions
16744,11,7,1304.76,Champions
16745,87,17,7194.3,At Risk
16746,5,18,6697.66,Champions
16747,38,2,836.06,Need Attention
16748,18,5,1515.9,Champions
16750,45,5,623.93,Loyal
16751,31,1,1764.72,Potential Loyalist
16752,373,1,207.5,Hibernating
16753,58,1,223.92000000000002,Normal
16754,372,1,2002.4,Hibernating
16755,114,3,1496.83,At Risk
16756,215,1,239.4,Hibernating
16757,319,1,106.83000000000001,Hibernating
16758,65,1,369.34000000000003,Need Attention
16759,8,3,789.79,Loyal
16761,97,1,316.62,Hibernating
16762,20,3,1501.38,Champions
16763,199,1,611.85,Hibernating
16764,4,13,2799.25,Champions
16765,294,1,34.0,Hibernating
16766,273,2,1145.6,At Risk
16767,31,11,5580.6,Champions
16768,48,3,478.09000000000003,Need Attention
16769,260,1,380.39,Hibernating
16770,58,5,770.1,Loyal
16771,33,5,2246.81,Champions
16773,57,1,171.59,Normal
16774,68,4,661.52,Loyal
16775,10,11,1695.66,Champions
16776,60,1,388.28,Need Attention
16777,80,2,226.35,Normal
16778,74,2,245.94,Normal
16779,2,22,10629.720000000001,Champions
16780,100,2,425.19,Normal
16781,372,1,311.25,Hibernating
16782,10,13,2279.9,Champions
16784,20,1,107.6,Normal
16788,123,2,597.48,At Risk
16789,8,1,80.8,Normal
16790,4,6,1545.6200000000001,Champions
16791,29,7,1721.78,Champions
16792,282,2,110.38000000000001,Normal
16793,57,1,243.84,Normal
16794,1,10,1222.71,Champions
16795,365,1,414.88,Hibernating
16796,89,1,305.62,Hibernating
16800,11,1,1201.49,Potential Loyalist
16801,163,4,1619.73,At Risk
16803,65,1,332.3,Need Attention
16804,23,3,536.99,Loyal
16805,174,2,460.59,Normal
16806,103,4,801.49,At Risk
16807,143,3,1121.59,At Risk
16808,99,2,288.42,Normal
16809,23,5,914.69,Loyal
16810,192,1,309.54,Hibernating
16811,5,2,547.07,Potential Loyalist
16812,361,1,479.35,Hibernating
16813,8,10,1692.98,Champions
16814,14,21,6509.1,Champions
16816,103,4,417.06,Normal
16817,3,9,1604.75,Champions
16818,11,11,3349.57,Champions
16820,96,1,497.61,Hibernating
16823,227,1,358.38,Hibernating
16824,16,2,460.64,Potential Loyalist
16825,39,2,775.1800000000001,Need Attention
16826,51,1,341.7,Need Attention
16828,93,2,128.5,Normal
16829,157,1,197.22,Hibernating
16830,39,1,325.91,Need Attention
16832,184,3,199.15,Normal
16833,1,4,1106.53,Champions
16834,228,1,413.46,Hibernating
16835,128,2,180.85,Normal
16836,40,2,251.87,Need Attention
16837,31,11,3170.98,Champions
16838,197,2,588.85,At Risk
16839,9,34,16594.35,Champions
16841,37,6,1869.82,Loyal
16842,101,3,1264.19,At Risk
16843,43,16,10196.57,Loyal
16846,50,1,214.32,Normal
16847,43,1,193.44,Normal
16848,53,1,281.42,Need Attention
16849,187,1,124.57,Hibernating
16850,334,1,332.41,Hibernating
16851,4,3,342.45,Potential Loyalist
16852,10,2,144.91000000000003,Normal
16855,24,2,328.4,Potential Loyalist
16856,15,1,35.400000000000006,Normal
16858,369,1,375.69000000000005,Hibernating
16859,145,2,747.81,At Risk
16861,60,2,173.76,Normal
16863,31,2,502.8,Potential Loyalist
16866,141,3,207.73999999999998,Normal
16869,23,4,825.42,Loyal
16871,22,6,2812.34,Champions
16872,77,3,680.02,At Risk
16873,5,6,7123.62,Champions
16875,67,5,2095.53,Loyal
16877,12,6,853.72,Loyal
16878,84,1,13.3,Hibernating
16880,31,7,1519.08,Champions
16881,67,1,432.0,Need Attention
16882,67,3,705.12,Loyal
16883,187,2,276.73,Normal
16884,38,2,429.84000000000003,Need Attention
16885,15,3,471.51,Potential Loyalist
16887,35,1,194.88,Normal
16889,195,3,1578.67,Can't Lose
16891,2,5,809.7,Loyal
16892,1,5,525.54,Loyal
16893,367,1,145.93,Hibernating
16895,65,1,219.14,Normal
16897,299,2,289.78,Normal
16898,26,3,508.81,Loyal
16899,8,6,1281.56,Champions
16900,17,3,887.11,Loyal
16902,116,1,1706.88,Hibernating
16903,29,1,373.24,Potential Loyalist
16904,4,16,3754.27,Champions
16905,5,7,3102.43,Champions
16906,82,4,579.77,At Risk
16907,29,5,981.65,Champions
16909,72,1,379.14,Need Attention
16910,4,8,1510.06,Champions
16912,29,11,2575.38,Champions
16913,290,1,113.44,Hibernating
16914,36,1,208.46,Normal
16915,9,6,621.6800000000001,Loyal
16916,24,2,576.26,Potential Loyalist
16917,277,1,391.52,Hibernating
16918,50,6,1068.82,Loyal
16919,156,11,2596.45,At Risk
16921,61,1,169.79,Normal
16923,12,19,7247.61,Champions
16924,21,3,846.75,Loyal
16926,371,1,230.25,Hibernating
16927,116,3,543.05,At Risk
16928,80,17,2847.6,At Risk
16929,4,7,1295.39,Champions
16930,26,3,380.55,Potential Loyalist
16931,5,21,4604.22,Champions
16932,53,1,161.94,Normal
16933,1,2,563.23,Potential Loyalist
16934,55,2,950.9300000000001,Need Attention
16936,26,1,262.68,Potential Loyalist
16938,9,4,2736.38,Champions
16940,52,3,3049.88,Loyal
16942,13,9,1920.59,Champions
16943,212,3,816.73,At Risk
16945,22,19,4345.5,Champions
16947,236,1,406.48,Hibernating
16948,139,3,435.02,Normal
16949,4,6,1286.27,Champions
16950,57,3,1178.56,Loyal
16951,135,3,1277.75,At Risk
16952,109,2,167.61,Normal
16953,30,1,20.8,Normal
16954,1,9,2085.08,Champions
16955,185,4,518.67,At Risk
16956,18,1,308.74,Potential Loyalist
16957,239,2,416.64,Normal
16959,87,1,117.35000000000001,Hibernating
16960,39,3,507.05,Loyal
16961,116,1,234.17,Hibernating
16963,187,1,110.55000000000001,Hibernating
16965,227,1,201.19,Hibernating
16966,8,7,2154.97,Champions
16967,189,1,319.02,Hibernating
16968,4,2,439.43,Potential Loyalist
16969,39,3,650.41,Loyal
16971,38,1,357.21,Need Attention
16976,267,1,251.51999999999998,Hibernating
16978,78,1,344.33,Hibernating
16979,4,6,1852.0,Champions
16980,255,2,1078.96,At Risk
16982,61,1,384.06,Need Attention
16983,13,7,1931.25,Champions
16984,88,2,4481.35,At Risk
16985,17,10,5464.12,Champions
16986,30,2,1873.2,Potential Loyalist
16987,3,7,1625.05,Champions
16988,5,1,126.12,Normal
16989,7,6,1133.25,Champions
16990,219,1,179.0,Hibernating
16992,11,5,1614.31,Champions
16996,30,6,1456.96,Champions
16997,288,3,702.0,At Risk
16998,150,4,295.0,Normal
16999,23,2,484.82,Potential Loyalist
17001,1,11,3989.57,Champions
17002,86,3,1493.73,At Risk
17004,46,2,1412.94,Need Attention
17006,5,4,781.78,Loyal
17007,51,6,889.9300000000001,Loyal
17010,18,1,195.36,Normal
17011,30,1,270.9,Potential Loyalist
17014,8,3,586.33,Loyal
17015,29,3,1842.56,Champions
17017,3,20,8694.26,Champions
17018,41,2,920.1,Need Attention
17019,11,4,1272.61,Champions
17022,31,1,71.0,Normal
17024,45,3,95.85,Normal
17025,61,3,357.77,Need Attention
17026,185,2,154.82999999999998,Normal
17027,79,6,890.29,At Risk
17029,111,2,716.0,At Risk
17030,64,1,146.87,Normal
17031,12,2,380.35,Potential Loyalist
17033,86,3,1030.14,At Risk
17034,16,3,745.52,Loyal
17035,246,2,433.53000000000003,Normal
17037,88,1,1267.32,Hibernating
17038,30,1,112.4,Normal
17040,138,1,449.73,Hibernating
17041,27,3,1081.57,Champions
17042,3,5,1044.3799999999999,Champions
17043,32,4,1735.18,Champions
17044,25,1,948.48,Potential Loyalist
17045,113,3,339.44,Normal
17046,157,1,642.02,Hibernating
17047,85,3,1100.9,At Risk
17048,118,3,925.35,At Risk
17049,3,9,5659.9800000000005,Champions
17050,96,6,3228.84,At Risk
17051,194,1,247.14000000000001,Hibernating
17052,28,1,413.75,Potential Loyalist
17053,131,1,498.48,Hibernating
17054,28,5,1356.33,Champions
17058,82,3,1179.89,At Risk
17059,30,5,3095.04,Champions
17060,266,1,234.24,Hibernating
17061,74,11,5232.2300000000005,At Risk
17062,314,4,538.37,At Risk
17063,21,7,1461.14,Champions
17064,59,3,859.35,Loyal
17068,12,21,4552.14,Champions
17069,28,9,2709.7000000000003,Champions
17070,114,1,312.14,Hibernating
17071,28,9,2429.03,Champions
17073,18,4,1446.09,Champions
17075,18,4,834.12,Loyal
17076,36,3,841.0799999999999,Loyal
17078,36,2,378.2,Need Attention
17079,78,1,118.80000000000001,Hibernating
17080,22,2,287.62,Potential Loyalist
17081,25,2,290.16,Potential Loyalist
17082,33,2,2003.85,Potential Loyalist
17083,109,3,1405.78,At Risk
17084,35,2,2949.75,Need Attention
17085,123,5,1566.65,At Risk
17086,7,6,2050.08,Champions
17088,28,4,1991.01,Champions
17090,4,7,2043.95,Champions
17091,3,9,3827.76,Champions
17092,50,4,1777.78,Loyal
17094,322,1,302.0,Hibernating
17095,23,3,1324.16,Champions
17096,15,4,1022.13,Champions
17097,2,8,954.42,Champions
17100,18,2,971.74,Potential Loyalist
17101,10,4,1621.73,Champions
17102,262,1,25.5,Hibernating
17105,159,2,665.78,At Risk
17107,33,6,10815.43,Champions
17109,29,6,885.04,Loyal
17110,165,1,163.29999999999998,Hibernating
17111,47,1,248.61,Normal
17114,6,8,808.62,Loyal
17115,8,3,837.5,Loyal
17117,288,1,116.19999999999999,Hibernating
17118,318,1,157.02,Hibernating
17119,3,2,606.91,Potential Loyalist
17120,233,1,307.46,Hibernating
17122,119,1,138.32,Hibernating
17123,162,1,345.29999999999995,Hibernating
17124,185,1,298.89,Hibernating
17125,50,1,259.35,Need Attention
17126,152,5,1004.75,At Risk
17128,335,1,157.09,Hibernating
17131,5,5,2463.17,Champions
17133,16,7,4892.240000000001,Champions
17134,107,2,425.0,Normal
17135,16,7,1139.73,Champions
17138,276,1,380.5,Hibernating
17139,16,12,10668.47,Champions
17140,247,1,465.32,Hibernating
17142,239,1,579.0,Hibernating
17144,1,2,984.57,Potential Loyalist
17146,106,3,749.78,At Risk
17147,23,4,1714.59,Champions
17148,52,1,124.88,Normal
17152,195,3,1689.5,Can't Lose
17153,24,1,213.78,Normal
17154,75,1,329.34,Hibernating
17155,18,2,251.70000000000002,Potential Loyalist
17157,8,2,319.0,Potential Loyalist
17158,32,3,1266.97,Champions
17159,22,3,1538.88,Champions
17160,31,6,3518.03,Champions
17162,29,10,1715.46,Champions
17163,22,2,293.1,Potential Loyalist
17164,33,7,2467.35,Champions
17165,284,1,158.68,Hibernating
17166,39,2,206.34,Normal
17169,58,2,835.78,Need Attention
17171,289,1,224.91,Hibernating
17172,79,1,317.76,Hibernating
17173,5,8,3766.6,Champions
17174,218,1,59.9,Hibernating
17175,44,4,1443.69,Loyal
17176,202,1,306.13,Hibernating
17179,178,3,711.79,At Risk
17180,56,4,796.03,Loyal
17181,57,2,239.92000000000002,Normal
17183,8,6,3347.31,Champions
17186,47,2,144.0,Normal
17187,227,1,203.95,Hibernating
17188,11,7,2474.23,Champions
17189,106,2,384.40000000000003,Normal
17190,59,2,444.74,Need Attention
17191,28,7,2095.13,Champions
17193,36,7,1699.3000000000002,Loyal
17194,274,2,262.62,Normal
17197,30,1,1013.01,Potential Loyalist
17198,24,3,692.22,Loyal
17201,54,1,342.63,Need Attention
17203,36,6,3563.85,Loyal
17204,175,4,1564.56,At Risk
17205,54,1,384.08,Need Attention
17206,53,1,204.24,Normal
17211,27,8,2317.2200000000003,Champions
17212,253,1,226.85,Hibernating
17213,40,7,2781.23,Loyal
17214,60,6,1069.1200000000001,Loyal
17217,234,1,113.5,Hibernating
17218,4,10,1960.72,Champions
17219,32,1,114.23,Normal
17220,24,14,3198.25,Champions
17221,7,2,335.13,Potential Loyalist
17222,65,1,354.15,Need Attention
17223,310,2,426.79,Normal
17226,309,1,393.49,Hibernating
17227,19,6,939.32,Loyal
17228,16,8,1906.09,Champions
17229,96,2,318.76,Normal
17230,264,8,3638.41,Can't Lose
17231,12,10,3174.32,Champions
17232,3,2,421.52,Potential Loyalist
17233,35,1,190.88,Normal
17234,183,1,149.89000000000001,Hibernating
17235,25,2,550.06,Potential Loyalist
17236,13,6,916.13,Loyal
17237,11,2,314.69,Potential Loyalist
17238,3,17,3744.65,Champions
17239,313,1,382.5,Hibernating
17242,108,2,1135.04,At Risk
17243,1,26,8676.85,Champions
17244,53,1,954.9,Need Attention
17245,205,1,171.45,Hibernating
17247,15,1,282.19,Potential Loyalist
17248,120,1,318.65,Hibernating
17250,4,2,384.52,Potential Loyalist
17251,363,1,283.28000000000003,Hibernating
17252,117,2,353.86,Normal
17253,18,1,178.26,Normal
17254,5,2,272.44,Potential Loyalist
17255,41,2,298.41,Need Attention
17256,107,2,240.0,Normal
17259,148,2,603.37,At Risk
17262,52,5,1253.3600000000001,Loyal
17263,208,1,63.440000000000005,Hibernating
17265,139,2,562.9,At Risk
17266,2,3,310.64,Potential Loyalist
17267,127,2,317.62,Normal
17268,108,4,763.64,At Risk
17272,42,4,2148.63,Loyal
17274,35,1,111.97999999999999,Normal
17277,228,2,1065.3500000000001,At Risk
17278,241,1,246.04,Hibernating
17279,58,1,187.82999999999998,Normal
17282,130,3,1703.41,At Risk
17284,60,6,1652.58,Loyal
17286,22,1,153.92,Normal
17287,26,7,1064.11,Champions
17288,9,7,1419.73,Champions
17289,32,3,944.41,Champions
17290,4,2,525.24,Potential Loyalist
17291,308,1,550.8000000000001,Hibernating
17293,8,9,1875.1100000000001,Champions
17295,29,3,556.95,Loyal
17297,17,1,131.78,Normal
17298,101,2,498.42,At Risk
17299,12,4,669.11,Loyal
17301,21,1,197.63,Normal
17302,15,5,1135.63,Champions
17303,361,1,250.04,Hibernating
17306,11,19,8631.31,Champions
17309,95,1,82.75,Hibernating
17311,78,2,1384.85,At Risk
17312,139,3,644.3,At Risk
17313,31,1,2328.84,Potential Loyalist
17314,25,8,2527.92,Champions
17315,2,38,6292.26,Champions
17317,46,3,2600.34,Loyal
17320,100,3,1200.6200000000001,At Risk
17321,8,2,700.86,Potential Loyalist
17323,15,7,921.07,Loyal
17324,18,4,990.23,Champions
17325,280,1,96.8,Hibernating
17329,14,2,523.11,Potential Loyalist
17330,23,2,363.9,Potential Loyalist
17331,124,1,175.2,Hibernating
17333,86,1,494.25,Hibernating
17334,302,2,307.02,Normal
17337,151,4,2027.8700000000001,At Risk
17338,17,8,6643.93,Champions
17339,94,2,243.36,Normal
17340,30,11,12353.29,Champions
17341,157,3,781.36,At Risk
17343,355,1,193.64,Hibernating
17344,46,1,160.57,Normal
17345,15,4,537.74,Loyal
17346,4,15,2676.56,Champions
17347,86,1,228.96,Hibernating
17348,15,5,1159.52,Champions
17349,179,1,110.75,Hibernating
17350,8,4,1286.07,Champions
17351,36,3,587.15,Loyal
17353,129,2,1740.0,At Risk
17354,51,1,1393.06,Need Attention
17356,312,1,178.22,Hibernating
17357,24,2,388.14,Potential Loyalist
17358,303,2,365.85,Normal
17359,11,1,127.86,Normal
17360,17,3,585.79,Loyal
17361,49,3,488.2,Need Attention
17362,239,2,312.23,Normal
17364,1,11,4481.18,Champions
17365,13,8,4801.56,Champions
17367,238,1,168.4,Hibernating
17368,23,8,1912.67,Champions
17370,73,4,446.18,Normal
17371,17,3,423.89,Potential Loyalist
17372,41,8,1342.68,Loyal
17373,40,4,646.92,Loyal
17374,219,2,495.77,At Risk
17375,199,3,400.1,Normal
17376,71,2,203.2,Normal
17377,24,20,4100.92,Champions
17379,11,1,404.66,Potential Loyalist
17381,9,29,20275.61,Champions
17382,65,1,65.4,Normal
17383,4,1,199.29,Normal
17384,19,2,336.4,Potential Loyalist
17385,15,1,261.11,Potential Loyalist
17386,8,6,2686.42,Champions
17387,20,2,784.11,Potential Loyalist
17388,78,4,1259.56,At Risk
17389,1,34,31833.68,Champions
17391,164,2,508.8,At Risk
17392,307,2,457.91,Normal
17394,219,1,203.86999999999998,Hibernating
17396,39,8,7330.8,Loyal
17397,22,2,696.41,Potential Loyalist
17398,115,3,653.38,At Risk
17400,126,5,2129.96,At Risk
17402,5,13,2633.85,Champions
17403,36,1,281.62,Need Attention
17404,4,15,31906.82,Champions
17405,1,3,1031.41,Champions
17406,333,3,2200.42,Can't Lose
17408,163,1,32.65,Hibernating
17409,185,2,771.85,At Risk
17410,16,5,1214.72,Champions
17411,12,3,778.94,Loyal
17412,3,7,1258.06,Champions
17414,44,2,778.0,Need Attention
17415,80,1,507.84,Hibernating
17416,30,7,6893.42,Champions
17418,42,2,463.46000000000004,Need Attention
17419,11,12,4226.57,Champions
17420,50,3,598.83,Loyal
17422,16,6,1979.37,Champions
17423,46,2,698.41,Need Attention
17425,19,2,759.17,Potential Loyalist
17426,8,6,5037.26,Champions
17427,72,1,100.8,Normal
17428,1,28,17256.85,Champions
17429,128,3,524.9200000000001,At Risk
17430,33,2,265.76,Potential Loyalist
17431,313,1,403.3,Hibernating
17432,18,2,365.76,Potential Loyalist
17433,88,1,303.15999999999997,Hibernating
17434,2,7,2373.82,Champions
17436,2,2,216.29999999999998,Normal
17438,254,1,388.45000000000005,Hibernating
17440,157,3,186.42000000000002,Normal
17442,37,6,2248.56,Loyal
17443,220,1,534.24,Hibernating
17444,148,3,2940.04,At Risk
17446,177,2,120.9,Normal
17447,40,2,541.53,Need Attention
17449,2,7,2520.86,Champions
17450,8,46,194550.79,Champions
17451,1,7,1721.4,Champions
17453,18,2,486.71999999999997,Potential Loyalist
17454,192,4,517.53,At Risk
17455,204,1,131.7,Hibernating
17456,365,1,249.86,Hibernating
17457,127,5,1737.7,At Risk
17458,15,1,316.5,Potential Loyalist
17459,43,2,657.3,Need Attention
17460,94,6,622.4300000000001,At Risk
17461,23,3,757.46,Loyal
17462,60,2,675.69,Need Attention
17463,16,5,1896.41,Champions
17464,158,1,289.96000000000004,Hibernating
17466,10,2,763.28,Potential Loyalist
17468,10,2,137.0,Normal
17469,16,5,1870.97,Champions
17470,45,5,1125.07,Loyal
17472,191,3,710.29,At Risk
17475,79,1,194.37,Hibernating
17480,78,1,511.82,Hibernating
17481,4,4,1255.59,Champions
17483,65,3,414.04,Need Attention
17486,261,1,396.87,Hibernating
17489,59,2,376.64,Need Attention
17490,1,7,2092.32,Champions
17491,1,10,3558.87,Champions
17492,248,1,374.57,Hibernating
17495,8,2,497.56,Potential Loyalist
17496,359,1,271.05,Hibernating
17498,76,1,272.22,Hibernating
17499,290,1,622.88,Hibernating
17500,17,3,1138.0,Champions
17501,221,2,288.6,Normal
17502,9,4,689.1,Loyal
17503,3,2,558.96,Potential Loyalist
17504,206,9,2997.0299999999997,Can't Lose
17505,162,2,1145.84,At Risk
17506,76,1,302.2,Hibernating
17507,262,2,605.58,At Risk
17508,281,1,387.31,Hibernating
17509,58,8,6115.14,Loyal
17510,25,1,308.48,Potential Loyalist
17511,3,31,91062.38,Champions
17512,29,10,2924.9900000000002,Champions
17513,72,1,513.2,Need Attention
17514,128,1,208.65,Hibernating
17515,31,4,639.02,Loyal
17516,15,5,768.08,Loyal
17517,309,1,153.94,Hibernating
17519,17,6,1844.02,Champions
17520,54,1,546.81,Need Attention
17521,30,3,723.2099999999999,Loyal
17522,2,5,1070.71,Champions
17523,11,4,652.74,Loyal
17524,361,1,145.0,Hibernating
17525,360,1,422.70000000000005,Hibernating
17526,5,4,1195.8999999999999,Champions
17527,54,4,939.37,Loyal
17528,1,8,3628.5,Champions
17530,1,10,2385.0,Champions
17531,190,1,296.7,Hibernating
17534,54,1,223.36,Normal
17535,280,1,164.4,Hibernating
17536,177,1,76.5,Hibernating
17537,30,2,897.62,Potential Loyalist
17538,26,1,98.42,Normal
17540,25,2,578.9,Potential Loyalist
17542,270,1,170.75,Hibernating
17545,43,3,645.96,Loyal
17548,234,1,103.3,Hibernating
17549,24,2,148.86,Normal
17550,197,3,267.16,Normal
17551,359,1,306.84,Hibernating
17552,60,4,930.41,Loyal
17553,130,1,1487.6,Hibernating
17554,1,5,1952.45,Champions
17555,20,2,483.26,Potential Loyalist
17556,206,1,157.9,Hibernating
17557,14,3,541.46,Loyal
17560,95,4,854.95,At Risk
17561,19,1,167.62,Normal
17562,14,7,1122.38,Champions
17564,24,3,454.01,Potential Loyalist
17566,8,2,901.21,Potential Loyalist
17567,7,8,4331.48,Champions
17569,332,1,344.14,Hibernating
17571,50,4,1498.51,Loyal
17572,71,4,226.75000000000003,Normal
17573,29,3,380.6,Potential Loyalist
17574,243,1,185.65,Hibernating
17576,8,19,3622.68,Champions
17578,218,1,143.45999999999998,Hibernating
17579,5,3,448.90000000000003,Potential Loyalist
17580,253,3,215.72,Normal
17581,1,25,11045.04,Champions
17582,236,1,175.27,Hibernating
17584,7,2,1242.3,Potential Loyalist
17585,109,4,1133.07,At Risk
17588,100,3,1240.2,At Risk
17589,60,4,2404.17,Loyal
17590,2,3,1479.22,Champions
17591,73,7,2225.9700000000003,At Risk
17593,4,5,3927.34,Champions
17594,85,2,993.18,At Risk
17595,12,2,388.79,Potential Loyalist
17596,23,7,2827.93,Champions
17597,214,1,2044.3700000000001,Hibernating
17600,18,1,161.67000000000002,Normal
17601,239,1,116.00999999999999,Hibernating
17602,2,6,5102.97,Champions
17603,78,1,394.72,Hibernating
17604,217,2,309.36,Normal
17608,33,2,193.42,Normal
17609,41,5,1112.22,Loyal
17611,7,15,3984.22,Champions
17612,53,6,2048.45,Loyal
17613,23,14,4559.150000000001,Champions
17614,57,1,390.07,Need Attention
17615,130,3,329.6,Normal
17616,174,3,571.1999999999999,At Risk
17618,6,3,971.58,Champions
17619,312,1,218.52,Hibernating
17620,60,1,81.44,Normal
17621,21,3,1379.9,Champions
17623,33,1,527.0500000000001,Potential Loyalist
17624,15,2,843.48,Potential Loyalist
17625,18,4,2047.0,Champions
17628,81,1,75.75,Hibernating
17629,6,8,1814.12,Champions
17630,170,2,503.59999999999997,At Risk
17631,2,3,528.33,Loyal
17633,31,4,1324.84,Champions
17634,36,9,2361.9700000000003,Loyal
17636,19,1,285.56,Potential Loyalist
17637,31,2,547.0600000000001,Potential Loyalist
17639,276,1,108.5,Hibernating
17640,87,1,621.66,Hibernating
17642,120,2,712.29,At Risk
17643,373,1,101.55,Hibernating
17644,1,11,2895.64,Champions
17646,219,3,1008.39,Can't Lose
17647,65,1,133.06,Normal
17648,61,4,1797.5,Loyal
17649,138,1,868.49,Hibernating
17650,21,1,166.08,Normal
17651,12,10,3945.0,Champions
17652,25,12,4867.72,Champions
17653,37,4,1207.56,Loyal
17654,277,1,117.55,Hibernating
17655,11,7,2638.94,Champions
17656,73,5,1674.69,At Risk
17658,26,2,595.42,Potential Loyalist
17659,17,12,2999.46,Champions
17660,141,1,196.0,Hibernating
17663,26,7,1802.91,Champions
17664,19,2,604.64,Potential Loyalist
17666,4,2,728.16,Potential Loyalist
17667,66,5,2055.51,Loyal
17668,1,2,347.75,Potential Loyalist
17669,43,7,3406.7200000000003,Loyal
17670,228,1,205.7,Hibernating
17671,16,4,1572.71,Champions
17672,50,2,3178.17,Need Attention
17673,2,6,1629.12,Champions
17674,74,2,551.04,At Risk
17675,1,31,20374.28,Champions
17676,4,6,1387.68,Champions
17677,2,30,16363.23,Champions
17678,264,1,298.11,Hibernating
17679,53,2,1992.1100000000001,Need Attention
17680,24,1,184.4,Normal
17682,10,6,2474.33,Champions
17684,44,1,239.41,Normal
17685,17,7,3191.53,Champions
17686,7,7,5739.46,Champions
17690,30,15,4757.95,Champions
17691,358,2,290.40000000000003,Normal
17692,127,4,740.9399999999999,At Risk
17693,137,1,200.47,Hibernating
17694,142,1,283.12,Hibernating
17695,132,2,765.34,At Risk
17696,38,8,2285.71,Loyal
17697,236,1,338.95,Hibernating
17698,261,1,154.95,Hibernating
17700,17,4,2534.64,Champions
17701,253,1,417.95,Hibernating
17702,30,4,1824.37,Champions
17703,35,3,798.74,Loyal
17704,169,2,885.19,At Risk
17705,3,9,1823.52,Champions
17706,4,17,10504.49,Champions
17707,185,2,152.4,Normal
17708,188,2,267.08,Normal
17709,170,1,137.45,Hibernating
17711,11,2,385.1,Potential Loyalist
17712,45,1,522.91,Need Attention
17714,321,1,153.0,Hibernating
17715,201,1,326.4,Hibernating
17716,23,11,5655.99,Champions
17718,232,1,139.35,Hibernating
17719,38,15,5396.04,Loyal
17720,26,4,1195.94,Champions
17722,96,4,2424.04,At Risk
17723,127,6,3276.4000000000005,At Risk
17724,71,3,1033.0,Loyal
17725,16,11,3439.08,Champions
17727,15,1,1060.25,Potential Loyalist
17728,4,3,2876.01,Champions
17730,3,13,5298.4800000000005,Champions
17731,79,4,1240.11,At Risk
17732,373,1,303.97,Hibernating
17733,39,2,692.19,Need Attention
17734,54,3,700.63,Loyal
17735,2,19,13110.02,Champions
17736,9,3,377.44,Potential Loyalist
17737,9,2,168.24,Normal
17738,19,4,1879.05,Champions
17739,12,7,2791.35,Champions
17742,113,2,355.11,Normal
17744,4,6,2322.4,Champions
17746,240,1,110.25,Hibernating
17747,113,1,71.4,Hibernating
17749,178,2,674.52,At Risk
17750,5,9,1797.57,Champions
17752,359,1,80.64,Hibernating
17754,1,5,1772.26,Champions
17757,1,30,5605.29,Champions
17758,19,8,3456.7000000000003,Champions
17759,17,3,834.99,Loyal
17760,22,2,287.59,Potential Loyalist
17761,33,1,712.78,Potential Loyalist
17763,263,1,15.0,Hibernating
17764,51,2,818.8199999999999,Need Attention
17765,159,3,371.88,Normal
17767,15,1,271.2,Potential Loyalist
17768,8,3,2273.1800000000003,Champions
17769,13,10,3997.98,Champions
17770,199,5,1143.27,Can't Lose
17771,57,2,245.81,Normal
17772,11,2,182.77,Normal
17774,97,4,1225.41,At Risk
17775,255,1,56.4,Hibernating
17777,25,3,665.86,Loyal
17779,21,3,658.57,Loyal
17781,159,2,188.02,Normal
17783,72,2,283.47,Need Attention
17785,53,1,131.94,Normal
17786,85,2,278.74,Normal
17787,153,4,1865.19,At Risk
17788,74,2,1117.9,At Risk
17789,281,1,225.9,Hibernating
17790,27,14,1965.55,Champions
17791,30,1,106.1,Normal
17793,25,1,323.04,Potential Loyalist
17795,180,2,350.39,Normal
17796,40,4,697.9,Loyal
17797,22,3,780.43,Loyal
17799,22,10,3055.93,Champions
17800,37,9,1199.01,Loyal
17802,82,3,1285.04,At Risk
17805,74,1,512.31,Hibernating
17806,11,1,546.04,Potential Loyalist
17809,16,12,5411.91,Champions
17811,4,39,7837.7300000000005,Champions
17812,13,4,732.16,Loyal
17813,14,5,1770.8799999999999,Champions
17816,37,4,36.56,Normal
17817,4,3,387.68,Potential Loyalist
17819,72,7,3704.87,Loyal
17824,51,1,298.4,Need Attention
17827,5,5,1995.46,Champions
17828,23,4,1820.09,Champions
17829,299,1,889.24,Hibernating
17830,2,3,398.7,Potential Loyalist
17831,33,1,35.400000000000006,Normal
17832,50,1,155.37,Normal
17835,3,3,350.64,Potential Loyalist
17836,47,1,110.21000000000001,Normal
17837,42,8,1593.38,Loyal
17838,27,5,2779.3,Champions
17839,42,1,338.8,Need Attention
17841,2,124,40991.57,Champions
17843,303,1,205.48,Hibernating
17844,107,1,51.559999999999995,Hibernating
17846,85,1,2033.1,Hibernating
17848,81,9,901.1999999999999,At Risk
17849,218,4,605.8000000000001,At Risk
17850,372,34,5391.21,Can't Lose
17852,12,2,114.34,Normal
17854,185,2,311.26,Normal
17855,373,1,208.97,Hibernating
17856,2,4,1418.03,Champions
17857,4,23,26879.04,Champions
17858,6,12,5155.66,Champions
17859,305,1,148.21,Hibernating
17860,369,1,252.8,Hibernating
17861,3,8,2100.8,Champions
17862,324,1,330.9,Hibernating
17863,59,6,3160.0,Loyal
17864,13,3,597.5,Loyal
17865,31,20,10526.32,Champions
17866,143,1,329.65,Hibernating
17867,30,6,1197.1000000000001,Champions
17869,107,5,428.18,Normal
17870,2,12,1894.35,Champions
17871,205,1,155.9,Hibernating
17873,80,5,1859.16,At Risk
17874,185,6,683.46,At Risk
17877,170,1,237.61,Hibernating
17878,44,1,379.45,Need Attention
17879,174,1,178.51999999999998,Hibernating
17880,365,1,458.92,Hibernating
17881,304,1,133.35000000000002,Hibernating
17883,3,4,671.77,Loyal
17884,4,4,717.45,Loyal
17885,12,1,190.19,Normal
17886,32,3,899.61,Loyal
17887,129,1,111.35,Hibernating
17888,21,8,726.05,Loyal
17889,212,2,203.87,Normal
17890,323,2,602.09,At Risk
17891,162,1,203.85999999999999,Hibernating
17892,56,3,244.1,Normal
17893,225,1,112.25,Hibernating
17894,72,8,1119.81,Loyal
17895,44,1,98.0,Normal
17896,23,1,256.32,Potential Loyalist
17897,173,3,566.6,At Risk
17898,85,2,152.06,Normal
17899,159,1,155.8,Hibernating
17900,190,2,112.19999999999999,Normal
17901,29,1,110.38,Normal
17904,21,1,191.67,Normal
17905,71,4,800.24,Loyal
17906,247,1,72.9,Hibernating
17908,374,1,243.28,Hibernating
17911,9,1,366.23,Potential Loyalist
17912,310,5,311.01,Normal
17913,59,2,411.6,Need Attention
17914,4,1,336.43,Potential Loyalist
17917,45,3,341.28,Need Attention
17919,88,1,1304.04,Hibernating
17920,4,17,4204.1,Champions
17921,64,4,826.52,Loyal
17923,282,1,207.50000000000003,Hibernating
17924,12,7,2962.5,Champions
17925,373,1,244.08,Hibernating
17926,133,2,397.29,Normal
17928,45,2,212.54,Normal
17929,11,4,843.0,Loyal
17930,36,5,1740.48,Loyal
17931,134,2,408.36,Normal
17932,29,3,1331.57,Champions
17934,52,2,704.25,Need Attention
17935,138,2,145.79,Normal
17936,5,1,389.84,Potential Loyalist
17937,9,7,4301.22,Champions
17939,160,1,99.14,Hibernating
17940,49,10,4106.4400000000005,Loyal
17941,131,1,304.56,Hibernating
17942,8,1,77.50000000000001,Normal
17946,233,2,149.57999999999998,Normal
17947,37,1,176.68,Normal
17948,147,1,358.56000000000006,Hibernating
17949,1,45,58510.48,Champions
17950,72,3,482.2,Need Attention
17951,40,3,1008.5400000000001,Loyal
17954,5,12,2332.72,Champions
17955,199,4,557.3,At Risk
17956,249,1,12.75,Hibernating
17957,66,1,111.68,Normal
17958,117,1,508.4599999999999,Hibernating
17960,171,1,73.78,Hibernating
17961,21,39,1296.44,Champions
17962,142,1,102.83,Hibernating
17964,32,2,471.7,Potential Loyalist
17965,38,14,2622.57,Loyal
17966,38,5,1098.43,Loyal
17967,372,1,123.07,Hibernating
17968,374,1,277.35,Hibernating
17969,166,2,228.2,Normal
17970,211,1,582.59,Hibernating
17972,242,1,136.04,Hibernating
17973,52,1,337.04,Need Attention
17974,25,3,740.79,Loyal
17975,15,13,4488.81,Champions
17976,372,1,353.19,Hibernating
17977,29,1,288.14,Potential Loyalist
17978,365,1,300.91999999999996,Hibernating
17979,36,4,757.71,Loyal
17980,166,3,811.45,At Risk
17984,145,1,152.68,Hibernating
17985,22,1,634.95,Potential Loyalist
17986,56,1,20.8,Normal
17987,185,1,198.57,Hibernating
17988,12,7,201.12,Normal
17990,237,3,630.84,At Risk
17991,225,2,93.35,Normal
17994,122,4,678.49,At Risk
17995,282,1,76.1,Hibernating
17997,74,8,1970.6699999999998,At Risk
17999,37,2,382.06,Need Attention
18001,12,2,417.23,Potential Loyalist
18004,362,1,169.47,Hibernating
18005,4,2,249.72,Normal
18006,23,1,444.68,Potential Loyalist
18008,70,9,2116.19,Loyal
18009,235,1,257.34,Hibernating
18010,257,1,174.8,Hibernating
18011,373,1,102.78999999999999,Hibernating
18013,155,2,187.29,Normal
18014,28,1,166.42,Normal
18015,4,1,120.03,Normal
18016,32,5,1483.56,Champions
18017,81,3,523.0,At Risk
18018,108,2,122.14,Normal
18019,52,1,38.45,Normal
18022,36,1,668.11,Need Attention
18024,153,2,389.78,Normal
18027,99,1,115.31,Hibernating
18030,4,2,230.64999999999998,Normal
18032,334,1,73.5,Hibernating
18033,65,1,97.97,Normal
18034,22,2,422.88,Potential Loyalist
18035,36,3,730.4,Loyal
18036,32,3,405.62,Potential Loyalist
18037,154,6,70.02,Normal
18040,19,2,357.20000000000005,Potential Loyalist
18041,12,21,4183.39,Champions
18042,54,1,165.04999999999998,Normal
18043,25,3,559.51,Loyal
18044,4,10,2088.6,Champions
18045,45,1,189.4,Normal
18048,203,2,172.29000000000002,Normal
18050,359,1,74.4,Hibernating
18053,71,1,300.02,Need Attention
18055,7,10,6784.1900000000005,Champions
18056,288,1,363.65,Hibernating
18058,10,1,170.16,Normal
18059,23,3,306.46,Potential Loyalist
18061,22,10,2119.41,Champions
18062,173,3,720.52,At Risk
18064,133,2,814.0,At Risk
18065,6,14,2392.83,Champions
18066,75,1,318.0,Hibernating
18067,40,1,396.33,Need Attention
18068,289,1,101.69999999999999,Hibernating
18069,26,5,2036.67,Champions
18071,258,2,453.0,Normal
18072,186,1,247.44,Hibernating
18073,114,12,3877.5200000000004,At Risk
18074,374,1,489.6,Hibernating
18075,23,10,2611.75,Champions
18077,8,11,2633.0099999999998,Champions
18078,217,2,336.13,Normal
18079,45,4,3651.97,Loyal
18080,19,2,1231.5,Potential Loyalist
18081,36,3,343.45,Need Attention
18082,26,1,703.37,Potential Loyalist
18084,16,1,90.47999999999999,Normal
18085,330,2,689.95,At Risk
18086,274,1,101.34,Hibernating
18087,98,2,4055.7199999999993,At Risk
18088,61,1,167.67000000000002,Normal
18092,2,11,9068.26,Champions
18093,93,4,2106.52,At Risk
18094,82,7,3017.3,At Risk
18095,313,2,580.0500000000001,At Risk
18096,12,3,911.15,Loyal
18097,8,6,2697.8,Champions
18099,127,1,168.31,Hibernating
18101,11,2,223.65,Normal
18102,1,60,259657.3,Champions
18104,37,1,754.64,Need Attention
18105,38,1,113.48000000000002,Normal
18106,330,1,430.7,Hibernating
18108,254,1,271.0,Hibernating
18109,2,26,8052.97,Champions
18110,20,1,236.3,Normal
18112,12,2,352.69,Potential Loyalist
18113,369,1,76.32000000000001,Hibernating
18114,290,1,220.1,Hibernating
18116,68,8,1418.03,Loyal
18117,26,1,320.72,Potential Loyalist
18118,11,26,5653.82,Champions
18119,368,1,181.12,Hibernating
18120,214,1,111.15,Hibernating
18121,149,2,673.1,At Risk
18122,8,6,1826.21,Champions
18123,24,2,589.4399999999999,Potential Loyalist
18125,30,4,1142.99,Champions
18126,61,1,206.82999999999998,Normal
18127,19,3,348.73,Potential Loyalist
18129,243,1,112.55000000000001,Hibernating
18130,15,3,1059.39,Champions
18133,212,1,931.4999999999999,Hibernating
18135,29,5,681.9100000000001,Loyal
18136,63,3,784.33,Loyal
18138,295,1,152.65,Hibernating
18139,18,6,8438.34,Champions
18142,157,2,1019.52,At Risk
18143,117,2,1000.16,At Risk
18144,8,12,2888.75,Champions
18145,13,4,2861.55,Champions
18146,141,2,160.35000000000002,Normal
18147,46,2,179.33999999999997,Normal
18149,51,3,612.0799999999999,Loyal
18150,32,3,566.58,Loyal
18151,135,2,653.35,At Risk
18154,3,2,399.19,Potential Loyalist
18155,75,3,371.62,Normal
18156,13,2,734.94,Potential Loyalist
18158,9,2,453.4,Potential Loyalist
18159,301,1,530.15,Hibernating
18160,57,2,638.0600000000001,Need Attention
18161,15,5,1618.69,Champions
18164,37,1,399.65000000000003,Need Attention
18165,177,1,302.46000000000004,Hibernating
18167,23,3,1384.8600000000001,Champions
18168,176,6,1169.94,At Risk
18169,61,1,202.65,Normal
18170,33,3,980.31,Champions
18171,59,5,1231.31,Loyal
18172,15,20,7561.68,Champions
18173,87,4,2106.84,At Risk
18174,7,1,104.0,Normal
18176,358,1,476.35,Hibernating
18177,31,6,1341.42,Champions
18178,129,4,1590.81,At Risk
18179,9,6,1793.17,Champions
18180,5,6,1843.75,Champions
18181,24,1,382.8,Potential Loyalist
18183,227,2,632.07,At Risk
18184,15,1,49.8,Normal
18185,249,1,304.25,Hibernating
18188,15,3,2001.04,Champions
18189,78,2,1090.24,At Risk
18190,192,2,284.46000000000004,Normal
18191,262,1,207.79999999999998,Hibernating
18192,72,1,957.97,Need Attention
18193,165,1,243.76,Hibernating
18194,82,1,973.8399999999999,Hibernating
18196,95,2,689.13,At Risk
18198,4,17,5425.56,Champions
18200,106,1,163.8,Hibernating
18202,200,3,1396.99,Can't Lose
18203,157,1,160.42000000000002,Hibernating
18204,71,3,1993.7,Loyal
18205,36,2,517.36,Need Attention
18209,29,1,139.10000000000002,Normal
18210,2,6,2621.38,Champions
18211,26,5,600.07,Loyal
18212,326,1,248.42,Hibernating
18213,237,1,232.48000000000002,Hibernating
18215,89,1,299.34000000000003,Hibernating
18216,31,1,481.75,Potential Loyalist
18217,29,2,621.75,Potential Loyalist
18218,211,2,662.08,At Risk
18219,3,10,2069.77,Champions
18220,227,1,305.28000000000003,Hibernating
18221,22,5,1041.61,Champions
18222,93,1,443.0,Hibernating
18223,5,14,6484.54,Champions
18224,264,1,158.95000000000002,Hibernating
18225,3,12,5509.12,Champions
18226,44,11,5228.05,Loyal
18227,218,1,93.75,Hibernating
18228,57,2,779.9,Need Attention
18229,12,20,7276.900000000001,Champions
18230,9,7,2810.2000000000003,Champions
18231,192,5,2083.27,Can't Lose
18232,82,4,592.97,At Risk
18233,326,1,440.0,Hibernating
18235,72,3,1796.48,Loyal
18236,30,6,882.24,Loyal
18237,3,5,987.1,Champions
18239,219,5,1561.6100000000001,Can't Lose
18240,46,1,422.58,Need Attention
18241,10,17,2073.09,Champions
18242,72,4,2232.4900000000002,Loyal
18245,7,7,2567.06,Champions
18246,24,2,596.1,Potential Loyalist
18248,123,2,804.02,At Risk
18249,17,1,95.34,Normal
18250,310,1,349.27,Hibernating
18251,87,1,4314.72,Hibernating
18252,51,2,526.67,Need Attention
18255,89,1,103.3,Hibernating
18257,39,8,2337.63,Loyal
18259,25,3,2338.6000000000004,Champions
18260,173,6,2643.2000000000003,At Risk
18261,43,2,324.24,Need Attention
18262,140,1,149.48,Hibernating
18263,26,3,1213.1599999999999,Champions
18265,72,2,801.51,Need Attention
18268,134,1,25.5,Hibernating
18269,366,1,168.6,Hibernating
18270,38,2,283.15,Need Attention
18272,3,6,3078.58,Champions
18273,2,3,204.0,Normal
18274,30,1,175.92,Normal
18276,44,1,335.86,Need Attention
18277,58,1,110.38,Normal
18278,74,1,173.9,Hibernating
18280,278,1,180.60000000000002,Hibernating
18281,181,1,80.82,Hibernating
18282,8,2,178.05,Normal
18283,4,16,2094.88,Champions
18287,43,3,1837.28,Loyal
